"country","Country.Code","Continent","WorldRegion","WorldBankIncomeClass_latest","RegimeType_latest","WorldBankIncomeClass_avg","RegimeType_avg","Year_latest","nYears_avg","Adj.SavingNetCO2Damage_latest","Adj.SavingNaturalResourceDepletion_latest","Adj.SavingNetForestDepletion_latest","CompulsoryEducationDurationYears_latest","FinalConsumptionExpenditure.GDP_latest","Govt.FinalConsumptionExpenditure.GDP_latest","GrossNationalExpenditure.GDP_latest","ImportGoodsServices.GDP_latest","ConsumerPriceInflation_latest","ProportionParliamentSeats.Women_latest","Trade.GDP_latest","IndividualsUsingInternet_latest","Electricity.Access_avg","Adj.SavingNetCO2Damage_avg","Adj.SavingNaturalResourceDepletion_avg","Adj.SavingNetForestDepletion_avg","Adj.SavingParticulateEmissions_avg","CompulsoryEducationDurationYears_avg","ExportGoodsServices.GDP_avg","FinalConsumptionExpenditure.GDP_avg","GDP.Current_avg","GDP.PerCapita.Current_avg","Govt.FinalConsumptionExpenditure.GDP_avg","GrossNationalExpenditure.GDP_avg","ImportGoodsServices.GDP_avg","ConsumerPriceInflation_avg","ProportionParliamentSeats.Women_avg","RenewableEnergyConsumption.pctOfTotal_avg","Trade.GDP_avg","WomenInBusinessLawIndex_avg","IndividualsUsingInternet_avg","LifeExpenctancy_avg","TotalPopulation_avg","TotalNaturalResources.GDP_avg","UrbanPopulation.Prop_avg","daily.new.cases.per.100_max","daily.new.deaths.per.100_max","monthly.new.cases.per.100_max","monthly.new.deaths.per.100_max","weekly_new_cases_max","weekly_new_deaths_max","weekly.new.cases.per.100_max","weekly.new.deaths.per.100_max","cumulative_total_cases_prevac","daily_new_cases_per_hundred_prevac","cumulative_total_cases_per_hundred_prevac","active_cases_per_hundred_prevac","monthly_new_cases_per_hundred_prevac","weekly_new_cases_prevac","weekly_new_cases_per_hundred_prevac","cumulative_total_deaths_prevac","daily_new_deaths_per_hundred_prevac","cumulative_total_deaths_per_hundred_prevac","weekly_new_deaths_prevac","weekly_new_deaths_per_hundred_prevac","VSI"
"Iran","IRN","Asia","Central and Southern Asia","Upper-middle income","Electoral Autocracy","Upper-middle income","Electoral Autocracy",2018,18,5.721244926,5.85673137,0,9,60.767898,12.24872926,95.86804459,31.82256498,18.01411834,5.882352941,65.05084099,70.200565,99.2362742444444,4.76447554088889,6.55902185611111,0,0.346928016611111,7.66666666666667,25.35809785,56.6356659127778,354028777777.778,4742.9375375,11.310738004,95.2657796633333,22.722980585,16.6238956453889,3.85609882555556,0.939977771777778,48.0810784344444,28.4722222222222,24.0233558244444,73.6613888888889,73662363.2222222,24.8670772525816,70.1481666666667,0.0165249969539718,0.000571571313047491,0.410799828199306,0.0157382043440361,13881,468.142857142857,0.108279833788003,0.0038539901087585,1466435,0.00830895334707927,1.72463411203456,0.181599731667262,0.2507034090583,7305.14285714286,0.0601396515720093,58469,6.70361416537181e-05,0.0687637923921271,70.7142857142857,0.000582155966992815,0.608118905510146
"Kyrgyzstan","KGZ","Asia","Central and Southern Asia","Lower-middle income","Electoral Autocracy","Low income","Electoral Autocracy",2017,17,5.315298249,6.805380857,0,10,99.20967162,17.13017203,132.1117631,66.36460445,3.175309864,19.16666667,100.6174458,38.19903776,99.3973975841176,5.05588242458824,3.40277513588235,0,0.736704249470588,9.23529411764706,43.1878277135294,102.414007830588,4693111675.76471,838.326423976471,17.9030259070588,128.614278270588,71.6614635817647,7.01203974947059,17.1078431376471,26.1610178111765,114.849291287647,73.7867647058823,17.2893027624706,69.2167862266858,5458505.88235294,4.74406729560867,35.4529411764706,0.0290570182882701,0.00108624367432785,0.394065066297827,0.0114508187335394,1046.42857142857,33.5714285714286,0.11051020714516,0.00354537865926452,87946,0.00132763115751182,1.32681647475607,0.0288910643935811,0.0323610094643506,102.666666666667,0.00929341810258274,1494,0,0.0225395562423029,0.833333333333333,7.54335884949898e-05,-2.97091967228476
"Slovakia","SVK","Europe","Europe and Northern America","High income","Electoral Democracy","High income","Liberal Democracy",2018,18,1.199235588,0.116419159,0.104512433,10,75.16305859,18.72385555,98.10807332,94.48357569,2.514037129,20,190.8590781,80.44892248,100,1.37649827416667,0.0862340604444444,0.0637806591111111,0.141534874888889,10,80.3288558133333,74.5876431127778,80128279927.8333,14832.916242,18.89474119,99.7913195372222,80.1201753522222,3.08384993244444,18.1481481483333,9.28814993922222,160.449031161111,83.9583333333333,64.5903354694444,75.2815718157182,5397643.88888889,0.306833247809861,54.8197777777778,0.115887082122927,0.00205532117145966,1.35089654210564,0.0459511090476339,4678,82.7142857142857,0.361424557784804,0.0106252764131709,186244,0.0318574781576248,3.41777889515476,1.02232042090041,1.29136563246086,2663,0.342082517474818,2250,0,0.0412899342480736,82.7142857142857,0.0106252764131709,0.358040047803618
"Congo","COG","Africa","Sub-Saharan Africa","Lower-middle income","Electoral Autocracy","Lower-middle income","Electoral Autocracy",2017,13,1.175221452,17.36140459,0,10,59.88577742,19.25961246,97.1021481,55.06815978,0.450063823,11.25827815,113.0341715,8.65,40.1548637969231,0.627845556307692,29.0600146948462,0,1.73841189907692,10,62.3918892015385,47.6951629569231,12325455829.5385,2796.53205761538,15.2275658561538,96.2151056553846,58.6069948538462,3.167347254,7.81335368930769,62.7864770153846,120.99888406,49.375,5.371018725,60.3856153846154,4375939.76923077,41.5965264465515,63.7169230769231,0.0114724774558747,0.000424251862775028,0.0373518410851514,0.000424251862775028,130.285714285714,5.14285714285714,0.0161215707854511,0.000636377794162542,10084,0,0.178256491009308,0.0307405828902406,0.0176241294661126,0,0,137,0,0.00242177105000745,0.285714285714286,3.5354321897919e-05,-4.35335436501481
"Albania","ALB","Europe","Europe and Northern America","Upper-middle income","Electoral Democracy","Lower-middle income","Electoral Democracy",2018,18,1.244827633,1.007232226,0.032816778,9,90.18192862,11.29359588,114.2829541,45.26431362,2.028059631,27.85714286,76.85588775,65.4,99.9783333333333,1.25694486166667,0.797321459555556,0.0234770498333333,0.283100694333333,8.38888888888889,26.39178246,90.5440258766667,10454113235.1111,3573.10026888889,11.0230767522222,121.637708811111,47.8963694677778,2.15860774322222,14.0873015873889,36.962122175,74.2881519261111,84.1666666666667,32.8698980807222,76.4593888888889,2945892.88888889,1.61792029038998,51.5434444444444,0.0305958995229267,0.00066134481335109,0.700816656421623,0.0129136276712239,832,16.2857142857143,0.193669607446603,0.00396806888010654,63033,0.0227989922497349,2.19402882210312,0.851846927217959,0.689573794594655,612.714285714286,0.14928988970857,1233,0.000104422865265962,0.0429177976243102,5.42857142857143,0.00132268962670218,-0.535725813889073
"Algeria","DZA","Africa","Northern Africa and Western Asia","Upper-middle income","Electoral Autocracy","Upper-middle income","Electoral Autocracy",2018,11,3.586550821,11.51303695,0.082025698,10,59.04617085,17.15259408,106.3248877,32.11179183,4.269990205,25.75757576,57.89862265,49.03846808,99.1318339790909,2.569825583,15.3502581669091,0.119432191909091,0.358528131090909,10,32.1480980763636,55.3792384927273,179416454545.455,4701.47555809091,18.6168065018182,99.85921091,31.9992402672727,5.01243539236364,21.8753825433636,0.173427274272727,64.1473383418182,55.6818181818182,26.98955001,75.6042727272727,38277100.3636364,23.5264659485083,69.4908181818182,0.00253941210166811,6.72395084289879e-05,0.0566089421463649,0.00104669501454458,1058.42857142857,21.2857142857143,0.0166059172650124,0.000333956225197306,106610,0.000562570553855865,0.238946799787147,0.0694449643054587,0.0173231386882549,251.142857142857,0.00394023519393869,2881,8.96526779053172e-06,0.00645723412613047,4,6.2756874533722e-05,-2.90946564847732
"Angola","AGO","Africa","Sub-Saharan Africa","Lower-middle income","Electoral Autocracy","Lower-middle income","Closed Autocracy",2018,18,1.440150531,22.40689034,0,6,66.83601101,10.47454474,88.22192544,25.54182093,19.62860772,30.45454545,66.37811082,35,34.5189977688889,1.28746893255556,26.6670508762778,0,1.07552155522222,5.33333333333333,54.1457028261111,58.5006247733333,79217225856.6111,3193.96161317222,17.2508196944444,87.0789638605556,41.0293211238889,34.5303974417778,27.7020202011111,56.7496891027778,95.1750239511111,66.2152777777778,9.86029189572222,54.4296111111111,23279965.2777778,32.7834571360823,59.1150555555556,0.00104616039831423,2.65223762952902e-05,0.0171894467700476,0.000297640000647146,260.285714285714,4.14285714285714,0.00536930773444654,8.54609902848241e-05,20807,7.36732674869173e-05,0.0613167870640116,0.00287915129338873,0.00297934693717094,37.3333333333333,0.00033005623834139,508,5.89386139895339e-06,0.00149704079533416,2,1.76815841968602e-05,-3.00089049098921
"Armenia","ARM","Asia","Northern Africa and Western Asia","Lower-middle income","Electoral Autocracy","Lower-middle income","Electoral Autocracy",2018,18,1.754915846,0.50495198,0.092175714,12,91.28757964,11.48669032,113.687319,53.08021299,2.52023382,18.0952381,92.47310702,68.24505226,99.4855437211111,1.76227377911111,0.357083330277778,0.0666249168333333,0.436242594444444,10.8333333333333,26.3923757661111,94.5114977927778,8306513792.33333,2840.59554956111,10.9755981488889,124.269504561111,45.1488421944444,3.84207617266667,8.92321983966667,8.531122234,71.5412179577778,74.7222222222222,27.7189642236111,73.3830555555556,2943195.72222222,0.686634129942421,63.5670555555556,0.0834195829829441,0.00138134204454794,1.52658510684175,0.0277279146990965,2350.75,29.75,0.468679248334304,0.00680563641460207,191491,0.0252684520344136,6.45157486469586,0.518474944476788,0.693400015093689,866.333333333333,0.175127218233176,3497,0.000707516656963581,0.117818369019126,16.5,0.0033354356685426,-2.24693956423332
"Australia","AUS","Oceania","Oceania","High income","Liberal Democracy","High income","Liberal Democracy",2017,13,1.080648096,1.772622111,0,10,75.35030933,18.61350419,99.40710554,20.61296969,1.948647409,28.66666667,41.81872035,86.54504885,100,1.02980670123077,2.25115452069231,0,0.0215030901538462,10,20.4379728461538,74.1186445046154,1.176669e+12,52103.5431915385,17.8372598723077,101.059966156923,21.4979881776923,2.48868716815385,26.1538461561538,8.16821542146154,41.9359610246154,88.9423076923077,77.2274429723077,81.8114446529081,22398385.8461538,5.72293612287276,85.2694615384615,0.00279585052351622,0.00022878665865112,0.0351672238526611,0.00176437168959762,533.666666666667,21.1666666666667,0.0115672983518015,0.000492472977096478,28920,7.75547995427524e-06,0.11214424013882,0.000151231859108367,0.000616560656364882,5,0.000135720899199817,909,0,0.0035248656392181,0,0,1.83862797112804
"Austria","AUT","Europe","Europe and Northern America","High income","Liberal Democracy","High income","Liberal Democracy",2018,17,0.536026743,0.061017182,0,13,71.25346775,19.33402133,96.79683946,52.41986954,1.998379814,34.42622951,108.1108202,87.47913723,100,0.510949836588235,0.0828681228823529,0,0.0537684957058824,9.82352941176471,51.0462493158824,72.6782556529412,375531647058.824,44505.9034882353,19.5505073452941,96.7555803594118,47.7782699341176,1.92693074429412,31.0511089688235,30.4329295441176,98.8245192511765,88.8602941176471,71.3346276752941,80.4611190817791,8413007.58823529,0.184440943209324,58.1282352941176,0.106003800478421,0.00241068521847443,1.96317136477516,0.033594778411584,7104.42857142857,141,0.54993480091721,0.00986390465540913,374730,0.0280878002519498,4.14383519228864,0.23510815793571,0.592530945236309,1987.85714285714,0.153874700986567,6568,0.000475502130249544,0.0726301858483489,49.4285714285714,0.00382613342014749,2.33900314367311
"Azerbaijan","AZE","Asia","Northern Africa and Western Asia","Upper-middle income","Electoral Autocracy","Upper-middle income","Electoral Autocracy",2018,16,3.286613289,18.57628585,0,10,64.60707686,10.46646357,84.73655296,37.58028267,2.268546904,16.8,91.67257654,79.79999549,99.775005245625,3.8491459219375,19.8296020290625,0,0.2588329590625,9.375,52.59442790375,57.363592309375,43077535900.4375,4653.697214775,10.8777384110625,82.22173622125,33.4078378975,6.96554921475,14.120681818125,2.7551874816875,86.00226579625,75.15625,43.534240218875,70.6740625,9070470.5,29.4320050816449,53.5983125,0.0435376135244984,0.000459732158088391,0.953934446498132,0.012217137562817,4426,42,0.284711147350612,0.00287577137187206,226951,0.00393217718194751,2.2199292129855,0.0932180312038801,0.11267350487277,292.285714285714,0.0200130211797627,2998,0.000146723029177146,0.0293250427648722,11.7142857142857,0.000802085892835065,-0.0132282937813602
"Bahrain","BHR","Asia","Northern Africa and Western Asia","High income","Closed Autocracy","High income","Closed Autocracy",2018,15,3.564842618,3.912063607,0.00039005,9,57.26824389,16.35603863,92.27446681,71.84188555,2.08766938,15,151.4090924,98.64467258,100,3.35075182926667,5.48130585886667,0.000652756133333333,0.187855916,9,84.1648401213333,54.8758269353333,27038734042.5333,21740.874682,14.749310386,83.32279639,67.4876063846667,2.3267609632,5.83333333333333,0,151.652446506667,33.375,66.3580397306667,76.1894666666667,1222952.93333333,6.37848499894996,88.7515333333333,0.0481040099067949,0.000400390094349066,1.08059566606322,0.00400390094349066,695,5,0.278271115572601,0.00131556745286122,90634,0.0105245396228897,5.18413654446189,0.0925473103795412,0.327118707083187,170,0.0680663160393412,350,0,0.0200195047174533,0.285714285714286,0.000114397169814019,2.21093067653634
"Bangladesh","BGD","Asia","Central and Southern Asia","Lower-middle income","Electoral Autocracy","Low income","Electoral Autocracy",2018,16,1.355874746,0.510576012,0.069199072,5,77.1652021,6.356694772,108.4001261,23.44393481,5.543621395,20.28571429,38.24489299,11.5,59.9762227775,1.32526087225,0.718988123875,0.1816816573125,1.3143886535,5,16.17448053875,78.3556998475,134734678746.312,888.7326176125,5.345792868125,105.7042900375,22.35304154,6.7463121390625,14.9269829376875,42.090274929375,38.527522076875,45.1953125,4.617154475875,69.7353125,147804399.5,1.01332046407217,30.6975,0.00241666600221881,3.8483857711372e-05,0.0591268395118626,0.000760056189799596,3755,43.4285714285714,0.0158054406241158,0.000182798324129017,532401,0.000361988786597592,0.320138192646752,0.0284906822222268,0.0130057399756135,526,0.00221402443895737,8041,1.08235849813234e-05,0.00483513593526784,17.2857142857143,7.27585434855626e-05,-0.294139997448609
"Barbados","BRB","North America","Latin America and Caribbean","High income","Liberal Democracy","High income","Electoral Democracy",2017,17,0.994298816,0.187661463,0,11,89.3186601,12.15559863,104.9509542,40.72270691,4.66018464,16.66666667,82.91430092,81.76077839,99.9993707994118,0.925635069294118,0.315443143352941,0,0.222161771235294,11,43.5840364047059,89.5783421629412,4262970588.23529,15180.8950205882,14.8991184452941,106.994006541176,47.4828584088235,3.71151108970588,13.0252100835294,7.53070001011765,91.0668948123529,70.625,59.3260338917647,78.25,280257,0.344399998257365,32.1805294117647,0.0559595145077648,0.000695149248543662,0.529356152765999,0.00660391786116479,106.142857142857,1.28571428571429,0.258247945833971,0.00312817161844648,2061,0,0.716351300624244,0.146676491442713,0.529356152765999,106.142857142857,0.258247945833971,23,0,0.00799421635825212,1.28571428571429,0.00312817161844648,0.86197022369106
"Belarus","BLR","Europe","Europe and Northern America","Upper-middle income","Electoral Autocracy","Upper-middle income","Electoral Autocracy",2018,15,3.942518043,0.419376701,0.016761901,9,69.29276314,15.73949249,97.37164169,68.93869099,4.872302206,34.54545455,139.3937363,79.12988669,100,4.05023019193333,0.711592575733333,0.00111746006666667,0.254726926,9,62.723213312,69.7050948266667,51917386583.7333,5459.01543226667,16.3416945873333,102.034978628,65.9475614246667,22.6514069087333,27.7865804566667,7.032799975,128.67077474,73.9583333333333,41.2026814511333,71.4107317073171,9555759.66666667,1.54597638755683,75.0269333333333,0.0209152580460998,0.00011649004481372,0.610376064811672,0.00281694108367723,1922.42857142857,9,0.142509684823476,0.000667170256660398,186747,0.0193267574350036,1.97765149080253,0.204662418733632,0.610376064811672,1875.71428571429,0.139046753491286,1385,9.53100366657711e-05,0.0146671556424548,9,0.000667170256660398,-0.43396054998512
"Belgium","BEL","Europe","Europe and Northern America","High income","Liberal Democracy","High income","Liberal Democracy",2018,18,0.686215702,0.000511953,0.000511953,12,74.7773802,23.02623476,100.2637443,83.2593168,2.053164999,38,166.2548893,88.647343,100,0.660291412111111,0.000731735722222222,0.000731735722222222,0.0647304036666667,12,76.7211362594444,74.2566992438889,443273611111.111,40638.0815916667,23.0115979205556,97.7057957422222,74.4269320033333,1.96451533616667,35.6666666655556,5.60218878577778,151.148068255556,91.7361111111111,69.4347235716667,79.970189701897,10855135.6666667,0.0190247912262067,97.6147222222222,0.205642307038295,0.0027853395543835,2.53774521948906,0.0552339711015863,19649,283.571428571429,0.887508904060011,0.0170645031341088,638030,0.00673983398344649,5.48496974038056,0.608347387549223,0.581508405793713,1831.85714285714,0.110235830573641,18891,0.0007994956128323,0.162400770129193,89.5714285714286,0.00539014784135325,2.11204681535461
"Benin","BEN","Africa","Sub-Saharan Africa","Low income","Electoral Democracy","Low income","Electoral Democracy",2018,18,2.016244084,1.614407693,1.522186453,6,80.86022023,10.41050539,107.2525409,34.54862973,0.644803622,7.228915663,61.84471851,26,30.84761935,1.38056634405556,1.93523779111111,1.914503388,2.8343076445,6,22.83638367,87.5044789183333,9335085369.77778,992.129473755556,10.0235746266667,104.711946788889,27.5483302066667,2.30547601761111,8.09906291772222,53.6594725711111,50.3847138755556,66.875,5.395134907,58.8572222222222,9151514,3.57748686095426,42.8721111111111,0.00511604219763006,7.22831707671437e-05,0.0133804180553402,0.00016062926837143,213,3,0.00511604219763006,7.22831707671437e-05,7995,0.000891492439461439,0.0642115500314793,0.00194361414729431,0.00190345683020145,15.8571428571429,0.000891492439461439,101,8.03146341857152e-06,0.000811177805275724,0.142857142857143,8.03146341857152e-06,-3.77027053877896
"Bolivia","BOL","South America","Latin America and Caribbean","Lower-middle income","Electoral Democracy","Lower-middle income","Electoral Democracy",2018,18,2.411092153,4.344104996,0,14,84.53602193,17.52564469,105.1323745,31.12116955,2.272059872,53.07692308,57.10996461,44.2861422,82.8999809611111,2.47244465772222,5.83335670638889,0,0.641291141055556,11.3333333333333,34.6761437172222,81.2022560116667,21118255023.2222,2040.96516558889,15.3301435738889,98.4994146944444,33.1755584605556,4.84505869788889,29.1452991444444,17.0500500466667,67.85170218,69.3402777777778,21.6138671602778,67.5348333333333,9968112.72222222,8.51754132330343,66.0804444444444,0.0242205315739052,0.00112398140241779,0.481917590021614,0.0227416086759871,2441,108.75,0.126147897698424,0.00529876946854103,216835,0.0121525207268931,1.83246998040047,0.398962691930388,0.280150251805638,1762.5,0.0595794653161312,10404,0.000414098411417082,0.087924079028231,60.25,0.002036688105133,-0.315060406393605
"Brazil","BRA","South America","Latin America and Caribbean","Upper-middle income","Electoral Democracy","Upper-middle income","Electoral Democracy",2018,18,1.055256819,2.059707523,0,14,84.51116275,19.89508778,99.60620439,14.24120388,3.664850284,15.00974659,28.87620338,70.43428254,98.4971199361111,0.865983316055556,1.76103658816667,0,0.234607133888889,10,13.0700394272222,81.1670458433333,1602866166666.67,8114.85017811111,19.25196138,99.8117801366667,12.8818202688889,6.46421832877778,9.11847520038889,45.1955670255556,25.9518596966667,80.1388888888889,38.7048536941667,73.2969444444444,194285786,3.31481142881099,84.1475,0.0409919105885119,0.000726190481697988,0.720486101253916,0.0153799106394107,60887.6666666667,1311.33333333333,0.176064274792422,0.0034552460885939,8506272,0.0294074433804726,3.97501529030509,0.413678566905235,0.720486101253916,53823.7142857143,0.176064274792422,209350,0.000494874980771023,0.0978301012506266,1009.71428571429,0.0033029049708117,1.4171210917294
"Canada","CAN","North America","Europe and Northern America","High income","Liberal Democracy","High income","Liberal Democracy",2018,18,1.274008207,0.614305058,0,10,78.66610672,20.7232714,101.8664215,34.23650752,2.268225672,26.94610778,66.58185309,94.64,100,1.13550974772222,1.11346258338889,0,0.0412917278888889,10,33.6173074872222,76.4300886011111,1425426777777.78,41733.150255,20.3257496672222,99.3768091044444,32.982699695,1.88287548644444,23.1555459933333,22.0468556094444,66.6000071838889,97.5,78.5517019244444,80.9375338753388,33863740.2777778,2.59451584904798,80.7035,0.0206788325905862,0.00057528764447896,0.533929979297788,0.0106651499387424,6597,169.8,0.12130688645842,0.00292109525415801,460743,0.0154749749480619,1.21031851680443,0.194941078067505,0.533929979297788,6597,0.12130688645842,13280,0.000210150737709209,0.0348850224597287,111.714285714286,0.00205422346110752,2.68769290222036
"Central African Republic","CAF","Africa","Sub-Saharan Africa","Low income","Electoral Autocracy","Low income","Electoral Autocracy",2016,11,0.577361079,0.025603749,0,10,98.42350922,14.40810862,120.8869772,35.70876436,4.945432761,7.194244604,50.53064402,4,8.81877665136364,0.413740646727273,0.014946995,0,1.25175477618182,10,13.353181192,96.0001937481818,1761705878.44545,413.522017772727,9.465553523,108.766957245455,23.3117944290909,3.87225654927273,9.81897043963636,85.2706444472727,36.6649756209091,69.7159090909091,1.37838648072727,46.5486363636364,4206281.18181818,9.99507620643526,38.6698181818182,0.00500001321141702,0.000142276798698858,0.0555692525203827,0.000914636563064089,123,5,0.0158740256834012,0.000467480910010535,7444,0.0013008164452467,0.151301212787757,0.0455082503266777,0.0528456680881474,91.4285714285714,0.013008164452467,93,0,0.00189024889699912,0.285714285714286,4.06505139139595e-05,-4.06332781695859
"Chile","CHL","South America","Latin America and Caribbean","High income","Liberal Democracy","Upper-middle income","Liberal Democracy",2016,16,1.270479653,1.429609406,0,12,77.17885341,13.77981795,99.39078572,27.53941361,3.786193559,15.83333333,55.68804149,83.55858602,98.936038439375,1.2360790984375,5.1913881341875,0,0.143804351375,11.5,36.28856102875,72.378518715,180634599255.812,10572.036093375,11.811763958,95.2531413825,31.541702411875,3.265481084125,14.270833333125,29.949849844375,67.83026344125,71.6796875,44.180160779375,78.360375,16808274.25,8.98127187801961,86.974125,0.042274864485689,0.00382045684960548,0.847147269034385,0.027294926048135,6971.57142857143,191.428571428571,0.254008330677925,0.00697467599246777,590914,0.00897859409478127,3.0756967831441,0.0671026290260406,0.297881124663381,2113.85714285714,0.0770181198959295,16228,5.72548029232429e-05,0.084466449258035,38.7142857142857,0.00141055014474535,3.11695177561303
"Colombia","COL","South America","Latin America and Caribbean","Upper-middle income","Electoral Democracy","Upper-middle income","Electoral Democracy",2018,18,1.240061106,4.222720683,0,12,83.53983788,15.42148086,104.7353134,20.63503312,3.240234138,18.12865497,36.5347528,64.12637682,96.9596999527778,0.990124308555556,4.83064680816667,0,0.244111595777778,10.4444444444444,16.6543180661111,81.9191443216667,242997118449.667,5313.52839711111,14.4997266538889,103.478889805556,20.1332078777778,4.8483975955,13.2921177322222,30.2108555905556,36.7875259416667,73.5069444444444,33.2355217436111,75.2721111111111,44887405.2222222,5.84124233559348,77.7018333333333,0.041115096502562,0.000780246636351874,0.881891316286024,0.0210081406837742,17606.2857142857,389.428571428571,0.240401791126376,0.00531738082673802,2294617,0.00795461445760736,4.47591798991457,0.0743145908793343,0.301735028593406,4107.71428571429,0.0560880294541545,60950,0.000179456726360931,0.118890081214117,111.142857142857,0.0015175797077044,0.856327402284169
"Costa Rica","CRI","North America","Latin America and Caribbean","Upper-middle income","Liberal Democracy","Upper-middle income","Liberal Democracy",2018,18,0.542645974,0.791419531,0.789888039,13,81.10935378,16.20475394,98.78925316,32.43473182,2.221114615,45.61403509,66.08021048,73.47972844,99.1869974444444,0.664536045388889,0.423978612833333,0.412484948222222,0.123109743166667,11.8888888888889,36.1102008288889,82.3191970966667,37132531337.2222,7985.3855455,15.3896655377778,102.115551961111,38.225752785,7.08317244477778,35.7699805066667,37.9310783794444,74.3359536133333,79.0277777777778,39.2026246208333,78.7638333333333,4537562.11111111,1.19478240564256,70.6852777777778,0.043957515129733,0.000719977007436973,0.670804523712832,0.00935970109668065,1221.71428571429,24,0.166411982908135,0.00247127243093231,161942,0.0221441576881966,3.15120314968536,0.616086271147622,0.577596689506802,856.428571428571,0.116655734042829,2065,0.00027242373254372,0.0401825005501986,15,0.0020431779940779,1.2778784924747
"Croatia","HRV","Europe","Europe and Northern America","Upper-middle income","Electoral Democracy","Upper-middle income","Electoral Democracy",2018,17,1.136834817,0.412721907,0,8,77.39985367,19.5144647,100.8457181,51.0468672,1.50012501,18.54304636,101.2480163,75.29462599,100,1.15535714023529,0.592916702411765,0,0.190354600411765,8,40.2489947817647,80.6957225652941,52530493574.2941,12350.2675403529,19.7075325676471,104.193651913529,44.4426466976471,2.06602395429412,20.9026453611765,28.5279527558824,84.6916414794118,85.1470588235294,50.8317205258824,76.4466857962697,4257696.17647059,0.953523030455589,55.214,0.113189324825677,0.0022539865549702,2.01866545866054,0.0522826881337653,3552.28571428571,78.5714285714286,0.609213366042271,0.0134749196221045,206596,0.0330748027088018,5.06157180772417,0.187987378655286,2.01866545866054,1324.71428571429,0.227187144828681,3795,0.00137199181606882,0.0929769453925207,66.7142857142857,0.0114414317518596,0.22658107498564
"Cyprus","CYP","Europe","Northern Africa and Western Asia","High income","Liberal Democracy","High income","Liberal Democracy",2018,18,1.107522019,0.003136814,0,10,79.94134942,14.68574101,98.45329169,73.68308213,1.435491195,17.85714286,148.9128726,84.43358252,100,1.01366936722222,0.00902682427777778,0,0.1125818745,9.77777777777778,60.1333244511111,81.4731470333333,21340002341.5,26454.0081472222,16.9763944055556,101.404814639444,61.5381390883333,1.5681975625,13.4920634916667,6.807866666,121.671463538889,86.6319444444444,51.7058909777778,79.4065,1090362.77777778,0.0187592046717462,67.6774444444444,0.102677998448669,0.000892852160423212,1.36807272280847,0.00892852160423212,677.5,3,0.402453111310763,0.00234373692111093,25542,0.0643969620705242,2.85065373519121,1.53157627468597,0.930798377241198,515.142857142857,0.402453111310763,134,0.000111606520052901,0.0149552736870888,3,0.00234373692111093,2.13380289728398
"Denmark","DNK","Europe","Europe and Northern America","High income","Liberal Democracy","High income","Liberal Democracy",2018,17,0.315838873,0.526864244,0,10,70.97489922,24.25945201,94.12132542,50.41523733,0.813609467,37.4301676,106.7091453,97.31920437,100,0.393069851235294,1.05216431982353,0,0.063440775,9.47058823529412,51.3569923652941,72.8155457170588,304940882352.941,54774.6183176471,25.4189064388235,94.1607484394118,45.5177392523529,1.60550241358824,37.9888268176471,23.0002291623529,96.8747316129412,96.3235294117647,88.0497987358823,79.1925394548063,5555542.88235294,1.25872965354018,86.7034705882353,0.0363820768300013,0.000395644334321527,1.42772558521818,0.0081021078898017,1835.71428571429,16.5714285714286,0.221044769392679,0.00199542359918683,92649,0.0351951438270367,1.59374138828501,0.341785099071062,1.42772558521818,1835.71428571429,0.221044769392679,898,0.000154817348212771,0.0154473309661187,7.85714285714286,0.000946106016855825,2.43350341267675
"Dominican Republic","DOM","North America","Latin America and Caribbean","Upper-middle income","Electoral Democracy","Upper-middle income","Electoral Democracy",2018,18,1.284740891,0.65140763,0,15,79.15743286,10.85985699,104.9531038,28.50453508,3.56443426,26.84210526,52.05596639,74.82204836,95.4849863333333,1.3676004925,0.564624684666667,0,0.434496201,12,27.2688799566667,81.7049082583333,51407095462.7222,5231.05463816667,9.72152409727778,106.351181236111,33.6200611883333,8.66422498866667,20.5116044983333,17.5405889088889,60.888941145,81.3194444444444,32.679172986,71.8758888888889,9628348.83333333,0.764553865824238,72.48,0.0216364969908836,0.000346914297744126,0.395071479865185,0.00502112799366498,1816.66666666667,28,0.111240808368741,0.00143330380910073,229768,0.00796989952449005,2.09762643063348,0.456794836892765,0.233318123880174,866.571428571429,0.0553784771083123,2944,0.000109551883498145,0.0268767287515449,14.7142857142857,0.000940320333359078,0.567448435688456
"Ecuador","ECU","South America","Latin America and Caribbean","Upper-middle income","Electoral Democracy","Lower-middle income","Electoral Democracy",2016,15,1.506403414,1.728053781,0,15,74.53272287,14.60569393,99.51175781,19.01654907,1.728264633,41.60583942,38.52134034,54.06292473,96.8319888133333,1.5900765352,7.7197322618,0,0.317350332266667,12.3333333333333,27.0870253473333,76.5767601553333,65995492066.6667,4368.36302433333,12.3636000344,101.481589880667,28.568615218,6.33526121033333,28.6780036046667,14.317053286,55.655640566,82.375,24.2509463838667,74.8774666666667,14764279.5333333,12.6080995435831,62.3995333333333,0.0394611636520812,0.00357772272805383,0.215233563243013,0.0363697876073722,1461.28571428571,354.4,0.0571820715394728,0.0112139246757437,232682,0.00519887833920322,1.3007369997016,NA,0.215233563243013,1461.28571428571,0.0571820715394728,24149,0.000329821313992462,0.134997540874644,39.4285714285714,0.00154289292647321,1.67158735660325
"Egypt, Arab Rep.","EGY","Africa","Northern Africa and Western Asia","Lower-middle income","Electoral Autocracy","Lower-middle income","Electoral Autocracy",2018,15,4.120039062,5.285301632,0.150718384,12,93.7981701,8.351737504,110.4543201,29.36629558,14.40146578,14.93288591,48.27827106,46.92433677,99.061817566,3.3793657654,7.22311971126667,0.215654297266667,0.885147633333333,9.6,22.5169843246667,87.7202093233333,171487419877.467,2035.30876833333,11.4395914822667,105.64173408,28.158718412,10.5908090075333,5.39758257886667,5.90786005653333,50.6757027366667,39.5833333333333,20.4459625695333,70.113,81537474.6,9.96160730665989,42.9352666666667,0.00170154274583746,9.303813210047e-05,0.0415563929008759,0.00191255706606533,1575.28571428571,85.5714285714286,0.0105766132234215,0.000574534444620428,161143,0.000652226080704326,0.154561275474908,0.0250004011669974,0.0267499017128867,652.428571428571,0.00438046545673038,8902,4.69986440507529e-05,0.00853840672122046,52.5714285714286,0.000352969408381165,-2.20834128894963
"El Salvador","SLV","North America","Latin America and Caribbean","Lower-middle income","Electoral Democracy","Lower-middle income","Electoral Democracy",2018,18,1.15239931,0.664451101,0.664451101,15,99.39337109,16.10965822,117.7649078,46.69920468,1.090330006,30.95238095,75.63357846,43.8,91.7809006666667,1.04533111355556,0.683653488666667,0.683653488666667,0.397668152444444,10.8333333333333,27.1946244238889,101.611719883333,18808088094.4444,3031.85744655556,15.1904479766667,119.260434083333,46.4550604772222,2.509503809,20.3042328037778,29.3856223427778,73.6496849022222,83.1597222222222,15.7507114877778,71.1333333333333,6173193.22222222,0.692715927036372,65.2986666666667,0.0100790059062668,0.000245455242770576,0.156385671550203,0.00440285341719721,429.571428571429,12,0.0461302446881951,0.00128864002454552,58200,0.0027153486231495,0.89284344557797,0.0575899363350464,0.0800030681905346,188.142857142857,0.020204034670553,1758,0.000122727621385288,0.026969394799417,8.14285714285714,0.000874434302370177,1.2184618839476
"Estonia","EST","Europe","Europe and Northern America","High income","Liberal Democracy","High income","Liberal Democracy",2018,18,2.343290779,0.378842517,0.097148304,9,69.85716959,19.66974295,96.60614504,71.53762871,3.436326884,26.73267327,145.6564895,89.35700777,100,2.80605816438889,0.405191330722222,0.00747709555555556,0.0834885753333333,9,70.5416378594444,71.1688260061111,19802918954.9444,14877.0036907778,18.6923031716667,100.686232793333,71.4659523927778,3.34319801088889,21.0775577577778,22.9376665755556,142.007590255556,85.5555555555556,69.5634802566667,74.7105013550135,1338850.83333333,1.437330102256,68.5335555555556,0.0571994313259703,0.000528226938366481,1.1834547249145,0.00837617002266848,566.285714285714,4.85714285714286,0.299127369097819,0.00256567370063719,25022,0.0332782971170883,1.88818492168658,0.688958849612281,1.1834547249145,520.428571428571,0.274904390924156,204,0.000150921982390423,0.0153940422038232,4.85714285714286,0.00256567370063719,0.873376788837899
"Finland","FIN","Europe","Europe and Northern America","High income","Liberal Democracy","High income","Liberal Democracy",2018,18,0.631199279,0.066706926,0,10,75.87292893,22.88614268,101.0843147,39.6866014,1.083820984,42,78.11686978,88.88996,100,0.670236229888889,0.0468532171111111,0,0.0202238363888889,9.16666666666667,38.8782818377778,74.0949256461111,232599888888.889,43340.8877016667,22.5490716144444,97.38259579,36.4657300822222,1.43870730455556,40.1944444444444,35.6621056666667,75.3440119194444,94.2013888888889,80.1241567411111,79.9528455284553,5352655.44444444,0.414331138237061,83.9194444444445,0.0151396060926821,0.000775003645220634,0.201771297866163,0.00349652807378611,550,11,0.0579810866668553,0.00138779722516253,36604,0.0036226914578918,0.659726358829211,0.126938387750905,0.164571122895572,237.857142857143,0.0300088620765664,561,0,0.0101110940690413,3.28571428571429,0.000414536833490106,1.98382273036864
"France","FRA","Europe","Europe and Northern America","High income","Liberal Democracy","High income","Liberal Democracy",2018,18,0.441900298,0.006715226,0,10,77.1691461,23.28089238,101.0408834,32.76003977,1.850815083,39.58333333,64.4791961,82.04318678,100,0.423426591888889,0.00944657638888889,0,0.0512092101111111,10,28.3947823566667,77.7504333811111,2430186111111.11,37463.1954233333,23.3522707416667,100.377926672778,28.7727072983333,1.42669814638889,20.8728985933333,11.3429055742778,57.1674896533333,95.9027777777778,63.9953998927778,81.2941734417344,64646924.3333333,0.0490780805806877,78.2627222222222,0.12358577318976,0.00213135178428406,1.1898757082258,0.0308949601020438,45642.8571428571,971.142857142857,0.473880929073596,0.0100827623031058,2393837,0.00430571623505681,3.55052801756103,0.359620005339503,0.553884488742547,11140.1428571429,0.115661060188069,62906,0.000341134941117143,0.0933018895909347,339.428571428571,0.0035240722612797,2.00955359858698
"Gabon","GAB","Africa","Sub-Saharan Africa","Upper-middle income","Electoral Autocracy","Upper-middle income","Electoral Autocracy",2017,17,1.416343004,10.34634987,0,10,53.20144896,13.23170516,74.5000574,24.84198647,2.651925831,17.09401709,75.06874045,50.32012015,83.7675767964706,1.29971471417647,19.7645049890588,0,0.595025037411765,10,54.6978749405882,47.9069420823529,12563602831.7647,7633.69690164706,14.3576083476471,73.8180171476471,28.5967659723529,2.01706690611765,13.3798881884118,83.1284947117647,83.2946409135294,51.6176470588235,18.2259676477059,61.0954705882353,1610616.52941176,29.7813222342314,84.7174117647059,0.0250128465102033,0.000219410934300029,0.218796583683989,0.0015358765401002,172.5,1.71428571428571,0.0495429889649465,0.000526586242320069,17711,0,0.777197411477561,0.0925914142746121,0.218796583683989,161.285714285714,0.0495429889649465,106,0,0.00465151180716061,0.571428571428571,0.000175528747440023,-4.0220774219287
"Gambia, The","GMB","Africa","Sub-Saharan Africa","Low income","Electoral Democracy","Low income","Electoral Autocracy",2018,18,1.508348073,0.921770502,0.921770502,9,95.32352341,6.824780047,116.2019477,41.38268255,6.520968239,10.34482759,63.10963414,40,44.0841005088889,1.0388349725,1.67581874555556,1.67581874555556,2.50827236255556,9,19.7815685372222,95.7078534244444,1227744883.01111,677.789685255556,8.85744569505555,111.065260811111,30.2950523305556,6.66389848344444,9.22926099555556,56.6257940916667,50.0766208683333,65.6944444444444,12.0783118975556,59.2876111111111,1787693,4.17562961969629,55.2341666666667,0.00981126582619503,0.000562941481830863,0.0956598418054016,0.00349827920852036,110,4.42857142857143,0.0309617815006974,0.00124651328119691,4792,0.00132693349288703,0.192686827209535,0.0175316061484469,0.030036949066261,13.1428571428571,0.00369932973774567,153,4.02101058450616e-05,0.00615214619429443,0.142857142857143,4.02101058450616e-05,-4.08889737457391
"Germany","DEU","Europe","Europe and Northern America","High income","Liberal Democracy","High income","Liberal Democracy",2018,18,0.702812693,0.029243452,0,13,72.27183211,19.97211306,93.85128754,41.22383737,1.732167661,30.74753173,88.59638721,87.03711209,100,0.666707064388889,0.0617752255555556,0,0.0796020478333333,13,41.6797275033333,73.9157115672222,3247163333333.33,39667.1852666667,19.2282125488889,94.4395089716667,36.1192364733333,1.461958318,33.0036075722222,10.7022833686667,77.7989639761111,89.0625,74.0720671783333,79.8250677506775,81928745,0.140095212517485,76.5803333333333,0.0376076553849143,0.0011299102242227,0.805424560727436,0.0207376666574375,25441.8571428571,652.428571428571,0.212266984770562,0.00544335442407707,1643169,0.0124337800201384,1.95847410677826,0.463893700906637,0.805424560727436,19307.4285714286,0.161086104033909,30260,0.00022645880021341,0.036066543655041,599.285714285714,0.00499997193102766,1.92492816075847
"Ghana","GHA","Africa","Sub-Saharan Africa","Lower-middle income","Liberal Democracy","Low income","Liberal Democracy",2018,17,1.20103822,5.187484911,0.971583615,11,81.32715796,9.047534623,105.9682925,36.54790599,0.407361985,12.72727273,71.94208848,43,62.1149888664706,1.33477218123529,3.39208045776471,0.522872799176471,1.69104794894118,10.2941176470588,33.2878329094118,91.8034692917647,32409992824.1765,1240.25113188824,10.1553708235294,114.540466041176,46.6350741135294,14.8742255256471,10.1321479715882,54.0533822,79.9229070258824,71.4705882352941,12.0434513978235,60.5398823529412,24478678.6470588,11.3855964426866,50.2576470588235,0.00498863486243343,8.82386457031813e-05,0.0559685124174464,0.000601913618903844,1042.33333333333,10.5714285714286,0.0170710265633619,0.000233202135072694,84023,0.00255576934518857,0.264788418854229,0.0171561138288614,0.0536144314052937,783.333333333333,0.00740574347865986,607,2.52110416294804e-05,0.00191288778363682,6.33333333333333,5.98762238700159e-05,-3.64958378504276
"Greece","GRC","Europe","Europe and Northern America","High income","Electoral Democracy","High income","Liberal Democracy",2018,13,1.177184709,0.069268969,0,10,88.7841669,19.5516445,102.1213662,41.07746775,0.625629147,18.66666667,80.03357487,72.23837339,100,0.963743652384615,0.0795270706923077,0,0.133052916461538,9.84615384615385,27.8641071584615,89.1324425776923,259338307692.308,23615.9780353846,21.0227704130769,105.6557506,33.51985507,1.38076838407692,18.0769230776923,13.241546117,61.3839622292308,92.0192307692308,53.9215775084615,80.6868667917448,10958998.6923077,0.193199123731231,76.9802307692308,0.0319745530384648,0.00116674334066775,0.636598308684996,0.0234505768967269,2607.85714285714,111,0.176023964329667,0.00652797720357077,135456,0.00329773737610222,1.30613542110322,0.0812477635410448,0.323785740795721,649.428571428571,0.0438348365840956,4606,0.000511052868226368,0.0444133870009557,55.7142857142857,0.00376057770959025,1.6786389745776
"Guatemala","GTM","North America","Latin America and Caribbean","Lower-middle income","Electoral Democracy","Lower-middle income","Electoral Democracy",2017,17,0.929030222,1.351321877,1.122794377,16,95.48322125,10.57282301,109.0793277,27.5743741,4.424536552,12.65822785,46.0694204,40.70304908,83.5413709605882,0.920647821352941,1.51431131605882,0.928287038352941,1.12176906117647,16,24.39050493,96.6847996335294,41036360521.1765,2850.29303405882,10.0169739724118,113.922474823529,37.1661559888235,5.71679175288235,11.3166270210588,65.2014297041176,61.5566609188235,69.5955882352941,13.9880658641176,71.1394705882353,13993565.9411765,1.93010116141359,48.1275294117647,0.0231946883122661,0.000345207976298787,0.177425940834202,0.0064548412076186,1336.71428571429,47.3333333333333,0.0512716037179009,0.00163288852281014,172764,0.00379180824759938,0.946658901861646,0.0360660142856924,0.0824005959933518,504.571428571429,0.0193535646394812,6327,6.57539002473881e-05,0.0346687439054354,21.1428571428571,0.000810964769717786,-1.78636599855521
"Iceland","ISL","Europe","Europe and Northern America","High income","Liberal Democracy","High income","Liberal Democracy",2018,8,0.336065882,0,0,10,74.5245138,24.17652682,96.5133638,43.22820252,2.682917683,38.0952381,89.94304129,99.01095399,100,0.392261996375,0,0,0.017736425375,10,50.72765961875,75.23372911,19153593271.625,57423.7483875,24.049582745,93.79749484125,44.525154445,2.8596421325,40.47619047625,77.0203876525,95.25281406375,97.734375,97.43030722875,82.5490853658537,331656.875,0.000305868267338743,93.6885,0.0287424889910844,0.000813466669558993,0.579459424282522,0.00352502223475563,83.8571428571429,1.33333333333333,0.159168311677043,0.00189808889563765,5736,0.00271155556519664,1.55534827219679,0.0385040890257923,0.0981583114601184,9.85714285714286,0.0187097333998568,28,0,0.0075923555825506,0,0,2.78950471216313
"India","IND","Asia","Central and Southern Asia","Lower-middle income","Electoral Democracy","Lower-middle income","Electoral Democracy",2018,10,3.940966621,0.990538522,0.128053037,8,70.2055894,10.78854283,102.2755411,23.65741648,3.945068664,11.80811808,43.59865716,20.08130004,82.830827027,3.5696183622,1.4598809456,0.2390221452,1.3108659132,8,21.79795485,68.283534522,2.031502e+12,1570.0748953,10.726419062,103.47382773,25.807900078,7.5884156183,11.365425125,36.924040032,47.605854927,67.0625,12.927130004,67.9914,1287050715.3,3.1254588497221,32.2403,0.00702299164727749,0.000144752901138972,0.188195134228041,0.00241099341287247,92942.5714285714,1192,0.0466910996406609,0.000592934293113629,10528508,0.00112508241504991,0.755593494132315,0.0152596972578977,0.0338945699945093,16352,0.00821467331480978,153796,1.37073892501456e-05,0.0110373907702377,195.857142857143,9.8391783570417e-05,0.0856202521947153
"Indonesia","IDN","Asia","Eastern and South-Eastern Asia","Lower-middle income","Electoral Democracy","Lower-middle income","Electoral Democracy",2018,17,2.273700403,2.521512898,0,9,66.00112744,9.021231804,100.5717133,22.07156246,3.198346416,19.82142857,43.07430896,39.90463864,93.4254551652941,2.27076199535294,4.12834898117647,0,0.714207986529412,9,26.3603896711765,69.0845706041176,649389941176.471,2615.20962465294,8.85176887758823,99.1335555541176,24.0499400782353,6.69272172705882,15.0091139652941,34.3344940852941,50.4103297482353,63.0882352941176,13.2742690935294,69.0754117647059,242213040.352941,6.65982477003286,49.6716470588235,0.00384170332549737,9.3355887536811e-05,0.121259889952659,0.00284409796914471,10268.1428571429,246.571428571429,0.0260082989476099,0.000624543650730759,836718,0.00314515261422466,0.302761827550486,0.0447370097345006,0.121259889952659,10268.1428571429,0.0260082989476099,24343,7.7434728422006e-05,0.00880838128026585,246.571428571429,0.000624543650730759,-0.194146071323408
"Iraq","IRQ","Asia","Northern Africa and Western Asia","Upper-middle income","Electoral Autocracy","Lower-middle income","Electoral Autocracy",2017,12,3.721341991,10.4560976,0,6,66.54259777,16.01221488,84.07423122,25.40000781,0.184058899,25.30487805,58.70653421,49.35999889,98.6769187975,2.70763359425,9.55149553133333,0,0.594481526,6,40.7947872658333,61.5130974325,160549350199.333,4967.93930541667,17.9843849425,77.7685803616667,31.0421224333333,6.97646836183333,25.533316275,1.28453331683333,71.8369096991667,35.1041666666667,11.9843619278333,69.0718333333333,31865021.3333333,45.4512774426055,69.4206666666667,0.0122755698602438,0.000296264989703213,0.310949533905962,0.00679466755073435,4691,106,0.0758632645764621,0.00180187395376872,695489,0.00788744825045931,1.6889265690467,0.112075588563793,0.184201543147195,3709,0.027020824101866,13406,5.58532357637205e-05,0.0325551512455842,18.3333333333333,0.00013356208552194,-2.68011276632576
"Ireland","IRL","Europe","Europe and Northern America","High income","Liberal Democracy","High income","Liberal Democracy",2018,18,0.514496625,0.145776872,0,10,42.15871189,11.99984842,70.93684896,93.92143926,0.488370168,22.15189873,216.2194544,87.00014011,100,0.587539910833333,0.0769302408888889,0,0.042448616,10,98.5638557233333,58.3515239311111,239842388888.889,53368.1848283333,16.0904454761111,83.9091952077778,82.11606561,1.69934964272222,15.3813669194444,5.55786110266667,180.679921338889,95.2777777777778,62.8947479683333,80.0951219512195,4437536.83333333,0.0909399244666367,61.384,0.0303838885918733,0.00429468438484867,0.509662638493537,0.0230789114139064,1161.14285714286,60.1428571428571,0.163117732149766,0.00844888843935183,86441,0.0148106405421417,1.73475146219955,0.29585157570766,0.387504956948799,1034,0.145256661577265,2204,8.02744744831528e-05,0.0442312354402172,6,0.000842881982073104,2.29904119947673
"Israel","ISR","Asia","Northern Africa and Western Asia","High income","Liberal Democracy","High income","Liberal Democracy",2018,18,0.688947078,0.103094853,0,15,77.63912468,22.86425227,99.35350831,29.15580148,0.817323896,27.5,58.958096,83.73315696,100,0.865291965333333,0.0966035146111111,0,0.111517362111111,12.4444444444444,34.649074515,78.99088149,228446833333.333,29369.22885,23.4935466283333,99.6014221583333,34.2504772666667,1.59912087411111,19.2129629638889,5.93298337188889,68.8995517822222,78.1944444444444,54.2212099261111,81.1780487804878,7586850,0.176602348511482,91.814,0.0973953288128296,0.000505865891723173,1.40429447852761,0.0103002906038101,9049,37.1428571428571,0.422419545797008,0.00279840706059628,371255,0.0300613496932515,3.9958562049295,0.353352706920676,0.953783231083845,3103.85714285714,0.233849962329136,3092,0.000172209665267463,0.0332795178129373,16.4285714285714,0.00123775696910989,3.16485081989873
"Italy","ITA","Europe","Europe and Northern America","High income","Liberal Democracy","High income","Liberal Democracy",2018,18,0.632488754,0.072175242,0,12,79.06819611,18.88933401,97.59667986,28.94714219,1.137487636,35.71428571,60.29760451,74.38718292,100,0.613143164777778,0.0841724778333333,0,0.0717667568333333,11.5555555555556,26.8867753338889,79.4120791538889,1944124444444.44,32862.8392233333,19.3791523411111,99.1596655083333,26.0464398277778,1.73753372072222,21.5044613184444,11.565005515,52.9332151616667,88.6458333333333,47.7561328411111,81.7814363143631,59057873.6666667,0.113590907316851,68.5201111111111,0.0685567894669631,0.00164492562559064,1.54374696266471,0.0308195783123,35029.2857142857,804.428571428571,0.406187299116771,0.00932787129677836,2057701,0.0173719386058097,3.40862548308509,0.916692368974675,0.845124023830649,13061.2857142857,0.151454083607379,71694,0.000432352052647692,0.11876263625488,456.142857142857,0.00528927242951755,2.21801405917606
"Jamaica","JAM","North America","Latin America and Caribbean","Upper-middle income","Electoral Democracy","Upper-middle income","Electoral Democracy",2018,17,2.117193514,0.17559589,0,6,89.53869057,13.4379512,112.8502095,51.41405776,3.736638822,17.46031746,89.97790604,68.21451709,91.9306728841176,2.05125477794118,0.235034164470588,0,0.276423579823529,6,34.7030646576471,95.0857755647059,12943804059.2941,4588.53376329412,14.6934777770588,118.599376352941,53.3024344976471,9.04298648552941,13.4827264241176,8.65095893152941,88.0054991529412,62.7573529411765,29.7728841527647,74.1195294117647,2812638.23529412,1.61894659539002,53.8092941176471,0.0295278702065135,0.000302677485032598,0.537218905101192,0.00585176471063023,646.285714285714,6,0.152145882476386,0.00131160243514126,26904,0.0295278702065135,0.904803895257447,0.403670872538475,0.537218905101192,646.285714285714,0.152145882476386,454,3.36308316702887e-05,0.0152683975783111,5.57142857142857,0.00131160243514126,-2.64620286776324
"Japan","JPN","Asia","Eastern and South-Eastern Asia","High income","Liberal Democracy","High income","Liberal Democracy",2018,18,0.871553405,0.008053802,0,9,75.44212434,19.80081352,99.76667145,18.29159855,0.97990367,10.10752688,36.81650736,91.28,100,0.672601778888889,0.00628987394444444,0,0.0787252642777778,9,15.0721441983333,75.7432450894444,4941688888888.89,38746.0834094444,19.0754609211111,99.56285196,14.6349950998889,0.128546381055556,9.02754197288889,5.00219449744444,29.7071392988889,80.625,74.4775481266667,82.8101761517615,127528578.222222,0.0213196624680144,88.4086111111111,0.0062466880415416,9.5993047120464e-05,0.124406195737153,0.00177706136818049,6333.71428571429,97.6666666666667,0.0351731217944867,0.000522011776903019,418753,0.00157714196426019,0.332209722816824,0.0182989721064514,0.0357831933088308,1488.57142857143,0.00826650868591104,7015,4.99798509800763e-05,0.0055652167400831,74,0.000410945441391739,1.79013566795095
"Jordan","JOR","Asia","Northern Africa and Western Asia","Lower-middle income","Closed Autocracy","Lower-middle income","Closed Autocracy",2017,17,2.315020689,0.172220509,0.029173377,10,99.66467096,17.36112398,121.0956583,55.62958677,3.323894476,15.38461538,90.16351506,66.79031443,99.5839884641177,2.82130066841176,0.224086029411765,0.02299796,0.314335422058824,10,45.8080095829412,98.8055223935294,24211767272.1176,3184.56729411765,19.8534302188235,124.446494370588,72.2969719164706,3.48437934941176,8.40238140129412,2.84071764529412,118.104981505294,29.1911764705882,29.5625205240588,73.2018823529412,7180600.05882353,1.47032151692501,84.5137058823529,0.0772517577623263,0.000886160337371952,1.42976614520838,0.0187164853673505,5286.14285714286,74.7142857142857,0.360336164437081,0.00509298743346737,308670,0.0142272555263783,3.00583638831429,0.13825075065571,0.315132249205426,1138.85714285714,0.0776315407640572,4043,0.000185022488022715,0.0393708378460967,19.8571428571429,0.00135358557027144,-0.502183103194479
"Kazakhstan","KAZ","Asia","Central and Southern Asia","Upper-middle income","Electoral Autocracy","Upper-middle income","Electoral Autocracy",2018,18,6.259470264,11.78084726,0,9,60.41926206,8.321200707,85.67747477,25.90273809,6.019130966,27.10280374,63.52795651,78.90391906,99.939112,6.79720165994444,12.0876236640556,0,0.347011082055556,9,43.8572914122222,60.8335242322222,127057732798.333,7590.21008522222,11.0013274831667,88.3226829922222,34.5463747322222,8.18127951405556,18.2598082772222,1.78100554805556,78.4036661438889,68.7152777777778,34.4967200232778,68.6977777777778,16283024.5,22.2831441063721,56.7916666666667,0.0103290567949663,0.000268492302009828,0.257736816264611,0.00322190762411794,1724.57142857143,51,0.0635537072522087,0.000921297114739606,185369,0.00721244026967577,0.975885284926663,0.0858333037640831,0.168418377129341,1393.66666666667,0.0220111042098645,2018,4.73809944723226e-05,0.010623871871683,9,0.000142142983416968,-0.467757135562262
"Kenya","KEN","Africa","Sub-Saharan Africa","Lower-middle income","Electoral Autocracy","Low income","Electoral Autocracy",2018,18,0.920531071,0.717164753,0.710414078,12,95.47053332,13.0954777,113.4158235,22.97524877,4.689819761,21.7765043,36.14938833,19.5,32.7306059933333,0.945883889944445,1.81369809538889,1.79069469233333,1.26764459533333,9.33333333333333,20.8158762016667,93.0724494672222,41967946333.7778,950.60602735,14.9656979227778,112.312234238889,31.3550189683333,9.14839673722222,11.8292638911667,77.6401604538889,52.1708951722222,67.8472222222222,8.706102212,59.5020555555556,41716892.9444444,3.27674703631785,23.4720555555556,0.00282618925188952,4.72850196583832e-05,0.0516970757234308,0.000860223626862125,1089.75,21.1428571428571,0.0136308162438301,0.000269160881132335,106801,0.000601974673343263,0.194234130174422,-0.0223076173511434,0.0510769145040651,339,0.00246609564064491,1866,5.45596380673652e-06,0.00339360948779012,3.5,2.54611644314371e-05,-3.79467330504585
"Korea, Rep.","KOR","Asia","Eastern and South-Eastern Asia","High income","Liberal Democracy","High income","Liberal Democracy",2018,18,1.465967795,0.002884458,0,9,64.07509965,16.05172731,95.56228383,37.27557467,1.475862404,17,78.98886551,96.02285958,100,1.37309101166667,0.005467265,0,0.139553710111111,8.66666666666667,41.681683875,65.3485841722222,1148237722222.22,23042.5228044444,13.9822446766667,96.9875804338889,38.6574942505556,2.54012278138889,13.5901417412778,1.58339444794444,80.3391781244444,80.5555555555556,80.27152831,79.8639566395664,49484790.6666667,0.0267791644286657,81.4066111111111,0.0024110623986847,7.79648310003137e-05,0.0517277162479332,0.00101354280300408,1038.14285714286,21.2857142857143,0.014164260671982,0.000290418995476169,88516,0.000771851826903106,0.172528374520594,NA,0.022358364410115,421.285714285714,0.00574795716549813,1581,9.74560387503922e-06,0.0030815599452874,5.28571428571429,7.21174686752902e-05,2.55039897794454
"Kuwait","KWT","Asia","Northern Africa and Western Asia","High income","Closed Autocracy","High income","Closed Autocracy",2018,15,2.358816002,10.2586591,0.000218866,9,62.81680825,23.05434932,88.12446869,45.61996357,0.543133148,3.076923077,103.1154584,99.59884959,100,2.13184998873333,10.0007260755333,0.0003003698,0.166436178666667,9,59.9067973893333,55.532398204,110525952551.8,35480.248374,19.7476648593333,74.32648575,34.23499948,3.00346016866667,2.4923076922,0.0059466666,94.1417968693333,27.9166666666667,53.6795606982667,74.3135333333333,3041489.86666667,46.9352457926426,99.9938666666667,0.0247888844147224,0.000254126494465934,0.591306147805052,0.00429704799733306,968.714285714286,8,0.156657432633954,0.00117822283797842,177701,0.0184357220530741,4.1053211084628,0.246710621309246,0.591306147805052,921.857142857143,0.149079842617152,1003,0.000115512042939061,0.0231717158135756,6,0.00097030116068811,1.2850727900641
"Lao PDR","LAO","Asia","Eastern and South-Eastern Asia","Lower-middle income","Closed Autocracy","Low income","Closed Autocracy",2016,16,4.21781682,1.027143041,0,9,79.66547434,13.97094291,108.6731284,41.88246346,1.596912276,27.51677852,75.09189092,21.87,65.961373471875,1.5060452163125,3.0460152614375,0,1.3800151770625,5.25,33.043859439375,84.255483086875,6942497526.9375,1088.8241683625,10.8632280921875,113.83158604375,47.22402205125,6.3574594258125,24.472435969375,67.200875283125,80.26788149125,78.9453125,6.745802360375,63.3864375,6105559.5625,9.46757449980291,28.950875,0.000189718400977429,NA,0.00020326971533296,0,2,NA,0.000189718400977429,0,48,0,0.000650463089065472,8.13078861331839e-05,5.42052574221226e-05,0.142857142857143,1.35513143555307e-05,0,NA,0,NA,0,0.140793536201136
"Latvia","LVA","Europe","Europe and Northern America","High income","Liberal Democracy","Upper-middle income","Liberal Democracy",2018,18,0.833201561,0,0,11,77.02760902,18.00981376,100.7908199,62.20702664,2.534454242,31,123.6232299,83.57717486,100,0.946691030666667,0,0,0.201833890222222,11,49.4003753611111,79.4623436616667,24334064817.7222,11709.9740954444,18.5695279494444,107.803570612222,57.2039417522222,3.76608995883333,20.5,36.9392000833333,106.604317117778,94.5138888888889,59.3809764832222,72.8429539295393,2121077.22222222,1.22280604442212,67.9287222222222,0.0498142944528302,0.00074989260466626,1.27637077689945,0.0229788519572733,631,11.1428571428571,0.236591116772205,0.00417797308314059,19307,0.0498142944528302,1.03415546559225,0.406281100456685,1.27637077689945,631,0.236591116772205,235,0.000589201332237776,0.0125874830068979,11.1428571428571,0.00417797308314059,1.18469335149837
"Lebanon","LBN","Asia","Northern Africa and Western Asia","Upper-middle income","Electoral Democracy","Upper-middle income","Electoral Democracy",2017,9,1.797570607,0,0,10,103.1741948,13.18456873,124.549269,46.42959349,4.321352183,3.125,68.30991802,78.18077489,99.9268355333333,1.64894645544444,0,0,0.306654305555556,9.55555555555556,27.82916416,102.950509,45237285004.8889,7714.295916,12.8541488688889,127.652296488889,55.4814606344444,2.57733415688889,3.125,4.88830002155556,83.3106247922222,50.8333333333333,62.0956178455556,78.6061111111111,5860681,0.00189180105663785,87.7976666666667,0.0909124349567619,0.00169888365616308,1.76608558444035,0.0237843711862832,4633.28571428571,78.75,0.479129509742064,0.00774100031156049,401826,0.0581904584489251,5.93613586105554,1.2100335773275,1.37905034176369,3148.71428571429,0.325609518830353,5134,0.000664780561107294,0.0758440755716633,44.4285714285714,0.0045943723223193,-1.65004442734929
"Lesotho","LSO","Africa","Sub-Saharan Africa","Lower-middle income","Electoral Democracy","Lower-middle income","Electoral Democracy",2018,9,3.172527777,2.818838384,2.818838384,7,120.5093898,38.72759918,143.4936445,94.4407332,4.751803016,22.13114754,145.3878228,40.8,29.1262684466667,2.83238381277778,4.19893416322222,4.19893416322222,1.65449969788889,7,43.9065670233333,123.843826233333,2377232918.77778,1162.07347811111,39.1088007811111,153.124904622222,96.9397398711111,4.86660600522222,24.7328476033333,43.41251119,140.846306877778,77.8472222222222,21.6793174388889,49.6695555555556,2046693.66666667,5.03482722270736,26.5025555555556,0.0614154169370381,0.00176001948990004,0.380534740237334,0.00880009744950018,422.571428571429,13.1428571428571,0.137003622398008,0.00426109981765272,15515,0,0.718597431205238,0.401006545883013,0.0145433189428582,1.14285714285714,0.000370530418926323,485,9.26326047315808e-05,0.0224634066474083,0.571428571428571,0.000185265209463162,-2.54191432910012
"Lithuania","LTU","Europe","Europe and Northern America","High income","Electoral Democracy","Upper-middle income","Liberal Democracy",2018,18,0.996744638,0.015044273,0,10,77.87276663,16.36226003,98.14866958,73.39401059,2.697927792,21.27659574,148.6393516,79.72258277,100,1.17350648655556,0.105880930888889,0,0.144108610111111,10,61.7170357755556,82.0486635788889,36305215262.2778,11904.6410169444,18.4091053811111,103.604517405556,65.3215529361111,2.51806018144444,19.91683249,22.8884275222222,127.038588713333,90.5208333333333,53.5374870874444,73.0365853658537,3127631.33333333,0.524003907820108,66.9547222222222,0.146029796324124,0.00230495096030949,3.07595705653301,0.0439055981310565,3090.57142857143,43,0.804279178634443,0.0111901651460186,132518,0.0623823824419245,4.92657244126279,1.93377950244288,3.07595705653301,2586.71428571429,0.673157210295547,1577,0.00230495096030949,0.0586275429743236,43,0.0111901651460186,1.40553975823235
"Malaysia","MYS","Asia","Eastern and South-Eastern Asia","Upper-middle income","Electoral Autocracy","Upper-middle income","Electoral Autocracy",2018,10,2.996163865,4.94043868,0,6,69.38295796,11.94863956,93.29125307,61.86083622,0.884709161,13.90134529,130.4304194,81.20104862,99.782063446,2.6692164698,4.5559863674,0,0.1704377479,6,76.713044464,64.996126863,301144600000,10124.902045,12.957928336,89.191051298,65.904062793,2.1243072246,10.633744655,3.30539999,142.61710727,49.0625,67.091684351,75.1633,29658605.1,8.29637069209145,73.1914,0.0174760981254841,7.62748696119241e-05,0.311045867282642,0.00112886807025648,5583.66666666667,16.5,0.0782854751748945,0.000335609426292466,288229,0.00752985512808915,0.879385175735011,0.0929790660569355,0.261753995544632,2689,0.0574288748282099,1076,4.27139269826775e-05,0.00328287038809721,10,0.000213569634913388,2.35188615967891
"Mauritania","MRT","Africa","Sub-Saharan Africa","Lower-middle income","Electoral Autocracy","Low income","Electoral Autocracy",2017,13,1.620391092,4.199957729,1.842490325,9,71.74074552,12.80676382,113.7965998,52.89352417,2.275034573,25.17006803,91.99044857,20.80096366,33.5595106746154,1.31080989676923,8.21555395776923,1.43911035861538,1.56794296807692,9,37.7346884669231,76.1910666392308,5202897683.07692,1440.69282293846,14.5215000692308,111.623172957692,49.3578614192308,5.07597100130769,19.893384256,33.7608457707692,87.0925498823077,42.8365384615385,6.58991077946154,62.6510769230769,3540244.15384615,16.7054935191944,46.7308461538462,0.0061988100797678,0.000272245037287099,0.120688319221966,0.00356012741067745,222.142857142857,7.71428571428571,0.0325646948447261,0.00113086400103872,17712,0.000460722370793552,0.3709233923407,0.00634540356138393,0.0134028326049033,24.2857142857143,0.00356012741067745,447,0,0.00936104089748718,0.285714285714286,4.18838518903229e-05,-1.83048948414361
"Mauritius","MUS","Africa","Sub-Saharan Africa","Upper-middle income","Electoral Democracy","Upper-middle income","Liberal Democracy",2018,18,1.112793744,0,0,11,91.04863108,15.30931562,110.4534801,54.02072909,3.216053831,11.5942029,94.98416643,58.5961697,99.316660105,1.11256207427778,0,0,0.182588512388889,10.1666666666667,52.2930374244444,84.0574993705556,9562619893.33333,7659.66583055556,14.1529019605556,106.305064696111,60.10931036,4.69898442777778,13.8417299281111,13.9388390117778,112.402347798889,81.3194444444444,30.0706726199444,73.1661653116531,1242387.66666667,0.00627024875081346,41.6231111111111,0.00345524050044447,0.00015705638638384,0.0157841668315759,0.000549697352343438,19.1428571428571,0.571428571428571,0.0105227778877172,0.000314112772767679,587,0,0.0460960494036569,0.00463316339832327,0.00353376869363639,2,0.00109939470468688,10,0,0.000785281931919198,0,0,1.57034167709798
"Mexico","MEX","North America","Latin America and Caribbean","Upper-middle income","Electoral Democracy","Upper-middle income","Electoral Democracy",2018,18,1.603144776,2.319032775,0,14,76.33200654,11.57089,99.06201949,41.30383848,4.899350154,48.2,80.56329972,65.77263448,98.8023099577778,1.32287264372222,3.46917218416667,0,0.235250854111111,12.1666666666667,29.7788066416667,78.0082517688889,1034265388888.89,9078.44021505556,11.2830300951667,100.576631756667,31.4236699905556,4.36801470716667,29.8316376616667,9.71677774833333,61.2024766338889,79.1319444444444,32.9972606159444,75.0418888888889,113222139.055556,4.37607385517283,77.6435,0.00960447319261103,0.00067172200811563,0.235574059769594,0.0180036851820889,10532.1428571429,839.857142857143,0.0565973771980855,0.00451320421224204,1338426,0.00960447319261103,1.02748594335334,0.156475146823077,0.235574059769594,9073.57142857143,0.0487593409662449,138296,0.00067172200811563,0.106167390667839,839.857142857143,0.00451320421224204,0.692853922015541
"Morocco","MAR","Africa","Northern Africa and Western Asia","Lower-middle income","Closed Autocracy","Lower-middle income","Closed Autocracy",2018,18,2.158605206,0.243400105,0.082492954,9,77.01944043,19.01353496,110.420826,49.19830432,1.803916711,20.50632911,87.97578268,64.80386519,88.1167032027778,1.81980714466667,0.316917376944444,0.1094685705,0.726490843277778,9,32.7864117405556,76.7432212527778,85047070637.6111,2557.33627716667,18.4803868144444,109.259864438889,42.0462758744444,1.57417563738889,13.4798225686111,14.1856166522222,74.8326876144444,68.3333333333333,36.539026533,73.5698888888889,32335800.9444444,2.17252070770174,57.8008333333333,0.0165886606877688,0.000246352991650481,0.367526530543607,0.00575984005478462,5205.57142857143,76.7142857142857,0.0975745289429553,0.00143795170126422,480056,0.00127728670670956,1.28546991043221,0.0243568131744867,0.0334638406158268,413.714285714286,0.00775476373717167,8524,1.87442493647105e-05,0.0228251402263989,12,0.000224930992376526,1.15000254723532
"Myanmar","MMR","Asia","Eastern and South-Eastern Asia","Lower-middle income","Electoral Autocracy","Low income","Electoral Autocracy",2017,6,1.514326294,2.433741864,0.754632398,5,74.21701174,18.39860453,106.4040363,34.08919366,4.572536553,10.16166282,62.44890703,23.62108195,56.0191508783333,0.879042641166667,2.59428711183333,0.332926539,0.8907362795,5,16.5452819505,66.938385115,57313558963,1106.061921,16.0476407516667,96.5504567783333,16.8800807501667,4.896049984,5.94330265616667,76.2145169583333,33.4253627005,56.25,8.06184699166667,64.803,51753490.5,6.61041695984642,29.4425,0.00393752408266728,8.75816292715613e-05,0.071767671336215,0.00169142021530703,1500.85714285714,36,0.019169429106813,0.000459803553675697,137957,0.000698828416896,0.25171872561285,0.0233040118553413,0.0283089370447557,426.571428571429,0.00544830718760171,3069,1.2772320935436e-05,0.00559975042155045,12.8571428571429,0.000164215554884177,-1.76031554951123
"Namibia","NAM","Africa","Sub-Saharan Africa","Upper-middle income","Electoral Democracy","Upper-middle income","Electoral Democracy",2018,15,1.277460821,1.113539642,0,7,95.14768798,25.4078869,110.0655136,45.83464176,4.291591053,46.15384615,81.6034785,40,45.1110649613333,0.928457854666667,1.06228456966667,0,1.14895905106667,7,42.3484414786667,88.5546248453333,10056341794.7333,4648.85008573333,23.7408854366667,111.568262321333,54.7144941533333,5.75823837693333,30.242165242,32.0739664706667,97.0629356373333,81.9166666666667,14.4158727714667,56.7422666666667,2137009.8,2.20767385889344,42.0008666666667,0.0263977267808223,0.000502445751318727,0.386612680803171,0.00568150195721945,545,6.66666666666667,0.124529246980688,0.00135273856124273,41546,0.00309197385426909,1.60573932186829,0.0822078548503794,0.204611369806257,150.428571428571,0.0406981058568169,477,0.000115949019535091,0.0184358941060794,4.71428571428571,0.001275439214886,-3.31770373726551
"Nepal","NPL","Asia","Central and Southern Asia","Low income","Electoral Democracy","Low income","Electoral Democracy",2017,3,1.560745088,0.580353333,0.578289317,10,87.01524485,8.518538322,124.3402989,36.83022197,3.627096107,29.57983193,44.64241062,21.40351043,88.0501820866667,1.36019938066667,0.732804592,0.731117042666667,1.205851809,10,8.735451762,91.91570535,25952160935.6667,949.908981233333,8.41885126766667,124.196868033333,35.7390906166667,6.76211612766667,29.5696375366667,80.2129338566667,44.4745423766667,55.625,19.5579640933333,69.844,27303715,1.02198032971158,18.945,0.0193530429062656,0.000144903507743239,0.313146589780191,0.0028273033255018,3506.28571428571,35.8333333333333,0.082709574280234,0.000724517538716195,270959,0.000353834146814886,0.913090919874426,0.00562427800984805,0.0349318549131725,123.666666666667,0.0012502139854126,2954,1.01095470518539e-05,0.0099545339970588,4.66666666666667,4.71778862419848e-05,0.409570178708838
"Netherlands","NLD","Europe","Europe and Northern America","High income","Liberal Democracy","High income","Liberal Democracy",2018,18,0.747340265,0.330971351,0.001935002,13,68.49869571,24.36875555,89.45628286,74.13974653,1.703497947,36,158.8232102,91.89189189,100,0.660085197833333,0.514199689166667,0.000379159777777778,0.0703202459444444,13,71.9756842472222,70.7189527877778,770694388888.889,46322.20011,24.1440455155556,91.4043499966667,63.3800342438889,1.80197307805556,37.9629629638889,4.14797778255556,135.355718488889,93.4027777777778,83.2750213255556,80.3711382113821,16599547.9444444,0.694051652462235,85.9525555555555,0.0758861507425511,0.0013625966293552,1.59262506802793,0.0216617925692365,11729.4285714286,153.571428571429,0.478108371153154,0.00625979220750786,858914,0.0473065599012036,5.00150992011108,1.64101471755759,1.05685090875296,6413.85714285714,0.261438037898121,12307,0.000791936502531227,0.0716644304165574,99.5714285714286,0.00405867457547254,2.54457534391571
"New Zealand","NZL","Oceania","Oceania","High income","Liberal Democracy","High income","Liberal Democracy",2017,17,0.660720957,0.388537568,0,10,75.37766425,17.88446221,99.24055153,26.57279993,1.850787675,38.33333333,53.90504834,90.81109307,100,0.753265900647059,0.687816481764706,0,0.0259189991764706,10,29.6253986917647,76.0483915758823,140459002398.706,32101.7881729412,18.3844338735294,98.9227120917647,28.5481255635294,2.16125927658824,31.9174430382353,30.0738292023529,58.1735242552941,91.2867647058823,74.5565168847059,80.4495552367288,4310994.11764706,1.51616705082523,86.2631764705882,0.0028480580535669,0.000117043481653434,0.0161715077151162,0.000448666679671498,73.2857142857143,1.57142857142857,0.0100072176813686,0.000214579716364629,2328,3.90144938844781e-05,0.0454128708815325,0.000780289877689562,0.00140452177984121,2.85714285714286,0.000390144938844781,30,0,0.000585217408267171,0.142857142857143,1.9507246942239e-05,1.98913431109033
"Nicaragua","NIC","North America","Latin America and Caribbean","Lower-middle income","Electoral Autocracy","Lower-middle income","Electoral Autocracy",2017,16,1.63554706,0.950605022,0.950605022,7,83.7870131,14.410337,113.70236,55.04140929,3.850671663,45.65217391,96.38045858,27.86304001,78.61994261625,1.5642893638125,1.1563224449375,0.732778568125,0.50847220425,6.75,35.20350762,92.320398398125,9087695810.5,1545.618809,12.8869095856875,120.58588741875,55.83814924375,7.26099663,29.48369565,52.671925305625,91.04165686,71.8359375,10.4454310271875,72.2838125,5791170.25,2.08367618987299,56.8355,0.00716163618917999,0.00026856135709425,0.02625933269366,0.000716163618917999,179.5,5.5,0.00753463807403312,0.00026856135709425,6445,0,0.0961598859151355,0.0305413943317738,0.002864654475672,0,0,173,0,0.00258117304318362,0,0,-0.669591172725407
"Norway","NOR","Europe","Europe and Northern America","High income","Liberal Democracy","High income","Liberal Democracy",2018,18,0.34800511,6.03886308,0,10,66.20861589,23.24519542,94.26624272,32.23793579,2.764831345,41.42011834,70.20962886,96.49165799,100,0.345384913666667,7.14470445727778,0,0.0228285409444444,10,40.5572597288889,63.4922669044444,378580555555.556,76928.7907661111,21.2372145605556,88.6229002738889,29.1801323005556,2.03792307588889,38.5886478177778,58.0789002305556,69.73739203,95.0694444444444,88.1456194083333,80.9360433604336,4882695.11111111,8.89625080935081,79.161,0.0131183437441509,0.000292738493593327,0.289426889384552,0.00312864265027868,603.857142857143,7.14285714285714,0.077337850776187,0.000914807792479146,36591,0.00806860472966606,0.669474638692088,NA,0.245479523033854,441,0.00806860472966606,334,3.65923116991658e-05,0.00611091605376069,2,3.65923116991658e-05,2.09386767786995
"Pakistan","PAK","Asia","Central and Southern Asia","Lower-middle income","Electoral Autocracy","Lower-middle income","Electoral Autocracy",2018,17,2.795107863,1.016804916,0.111189654,12,93.75689523,11.71362267,111.099389,20.0713554,5.078057259,20.23460411,29.04332184,15.34,70.9736758411765,2.64732030782353,1.39886433452941,0.186163911411765,2.63827195411765,12,12.4708155370588,89.3455370811765,193319089901.471,1043.94534035882,9.99060664041176,105.892411387059,18.3632259735294,8.06134235329412,21.3660027752941,46.6142353735294,30.8340415105882,42.8308823529412,8.44239304152941,65.2540588235294,179907097.117647,1.78933756415073,35.0049411764706,0.00303064038710243,7.06039298973314e-05,0.0620963783696397,0.00130328637892244,5800.57142857143,127.428571428571,0.01803020106636,0.000396092487222765,546428,0.000717140545812517,0.242641284314082,0.0148725624154171,0.0156127935546552,1431.75,0.00254307362592463,11683,1.15452967127712e-05,0.00518783467289637,44,7.81527777479894e-05,-1.00596450033826
"Panama","PAN","North America","Latin America and Caribbean","Upper-middle income","Electoral Democracy","Upper-middle income","Electoral Democracy",2018,18,0.737002646,0.005826875,0,11,63.19771194,11.66671544,104.626334,46.99876633,0.761578359,18.30985915,89.69078199,61.80553132,88.0622445844444,0.896677721722222,0.0331303950555556,0,0.123034427222222,11,61.1141809688889,69.6437106122222,33416458627.7778,8872.64462627778,12.4280365566667,105.738298057222,67.1715592094444,2.61459983605556,13.7612223041667,22.9910778477778,128.285740177778,74.0625,33.3306567883333,76.7379444444444,3618555.05555556,0.15555022084723,65.0357777777778,0.118359049685924,0.00139219090452012,1.8482817739616,0.0284828565383789,4255.5,47.1428571428571,0.508971301011529,0.00753152456543674,301534,0.0495939481233153,6.88185069186182,1.22131658809156,1.67950715529068,2066.71428571429,0.330177472388404,4864,0.000821620861684008,0.111010107534195,41.8571428571429,0.00668708090203929,1.56126628053363
"Peru","PER","South America","Latin America and Caribbean","Upper-middle income","Electoral Democracy","Upper-middle income","Electoral Democracy",2018,18,1.097928106,3.6913148,0,14,76.88369601,13.07876541,98.2469235,23.44165662,1.317647659,27.69230769,48.63638973,55.05433424,85.5015793888889,1.0279506145,4.81873944355556,0,0.283420725944444,12.7777777777778,24.8820187394444,76.2385506672222,137207958057.389,4635.82781794444,11.5774095294444,97.7289210244444,22.6109397705556,2.67109148488889,23.6930199427778,33.3648054327778,47.4929585088889,89.9305555555556,30.4119333415,74.1847222222222,29058133.6666667,7.56349409929308,76.071,0.0304052094438706,0.0024221048240804,0.711349404658325,0.0637601109012253,8520.14285714286,757,0.178783111154677,0.0158845711173292,1186698,0.0186454108982427,3.55731058233485,NA,0.574248679121022,6751,0.141660158009366,112790,0.00149582958813876,0.338105449391124,492.142857142857,0.0103269197016794,1.13570778970009
"Poland","POL","Europe","Europe and Northern America","High income","Electoral Democracy","High income","Liberal Democracy",2018,18,2.125520553,0.211392451,0,10,76.17191164,17.73468046,96.93734077,52.17880281,1.812951565,28.04347826,107.4202649,77.54173454,100,2.23736303216667,0.303229768611111,0,0.225934311388889,9.77777777777778,41.0865593316667,79.9925795633333,4.19476e+11,11018.4200179444,18.3593657711111,100.893824862222,41.9803841883333,2.16904613805556,22.7053140083333,9.30029998927778,83.0669435227778,77.1180555555556,52.4108143165,76.0951219512195,38094282.5,1.14679146242809,60.9337222222222,0.0994682117628383,0.00178321030769638,1.66174034976321,0.0304759637008228,25535.4285714286,495.142857142857,0.472915839881472,0.0091700399502606,1257799,0.00973093102627193,3.32777469111305,0.611347461438739,0.804156414530254,7705.28571428571,0.142701801730296,27118,0.000150805619493611,0.0717464349022409,238.714285714286,0.00442098579252322,0.833206300245061
"Portugal","PRT","Europe","Europe and Northern America","High income","Liberal Democracy","High income","Liberal Democracy",2018,18,0.831912781,0.047827837,0.021092487,12,81.24685124,16.97712782,99.53732288,42.9830419,0.993715683,34.7826087,86.42876093,74.66096815,100,0.754983815333333,0.0304555130555556,0.00272807277777778,0.0776590643888889,10.6666666666667,33.6586718327778,84.0897017411111,210279944444.444,20103.3509438889,19.2666928433333,104.500062660556,38.1587344855556,1.91273474016667,27.173913045,24.5642722444444,71.81740632,92.9166666666667,49.4156300888889,79.3081300813008,10455086.2222222,0.165326384354804,60.2157222222222,0.0741055965903754,0.000963815323935872,1.50265693396773,0.0236134754364289,5523.28571428571,87.2857142857143,0.38024481499319,0.00600909349923283,392996,0.0119395081965117,3.86505680658675,0.686167666690631,1.13707588068871,3049.42857142857,0.209934713313624,6556,0.000767118319051,0.064477278201261,71,0.00488792057138906,2.86072634066167
"Russian Federation","RUS","Europe","Europe and Northern America","Upper-middle income","Electoral Autocracy","Upper-middle income","Electoral Autocracy",2018,18,4.27524348,8.407760355,0,11,68.07632967,17.71038666,89.99442915,20.78765336,2.878297236,15.77777778,51.58092466,80.86472187,99.75,4.69907799822222,7.94776512883333,0,0.233424201111111,9.5,30.4831069488889,69.1508005194444,1311846944444.44,9088.95631816667,17.9228270244444,91.4531242127778,21.48369472,10.1676223848889,12.2359639216667,3.40476110238889,51.9668016711111,72.9513888888889,40.9069097795,68.6309349593496,143814045.388889,15.4908538868756,73.7335555555556,0.0199017185849155,0.000420116171099322,0.591892969586838,0.0117358390112639,27564.7142857143,569,0.132239274979001,0.00261047715451438,2681256,0.0187290941660722,1.83758402032151,0.348886947780081,0.591892969586838,27562.2857142857,0.132227624122706,47391,0.000308405019567202,0.0324791606273539,544.142857142857,0.00261047715451438,-0.4647948680571
"Rwanda","RWA","Africa","Sub-Saharan Africa","Low income","Electoral Autocracy","Low income","Electoral Autocracy",2018,17,0.540680179,4.100578442,4.066655997,6,92.38784763,14.73283599,113.5633423,34.66392775,-0.31121016,61.25,55.76452526,25,15.311055902,0.405969602117647,5.91770199805882,5.86999125117647,1.96574081211765,6,12.3970954903529,95.06653018,5830802634.29412,553.562990205882,14.5071603852941,114.779555841176,27.17665067,6.50401563141176,53.2412559623529,88.2660998170588,39.5737461611765,68.7132352941177,8.44612618111765,61.3249411764706,10083264.5882353,6.48400290598248,16.8959411764706,0.00432342307850771,6.77888636002952e-05,0.052129636108627,0.000783337979381189,337,6.5,0.0177682143592329,0.000218430782712062,17343,0.000572439292624715,0.130629140157769,0.0174142058493203,0.0267088122585163,109.571428571429,0.00577711759793627,239,2.25962878667651e-05,0.00180017093338562,1.71428571428571,9.03851514670602e-05,-0.41169822927315
"Serbia","SRB","Europe","Europe and Northern America","Upper-middle income","Electoral Autocracy","Upper-middle income","Electoral Democracy",2018,13,3.642950069,0.575155068,0,8,85.97075672,16.53963166,108.6256386,59.06030441,1.959840763,34.4,109.4948657,73.36070915,99.9383996869231,3.47258387607692,0.734740022230769,0,0.461456665,8,37.6272608692308,92.0352465330769,44463214495.2308,6178.15641307692,18.3738422546154,112.026564761538,49.6539355761538,6.20279163730769,27.4153846153846,19.2904537630769,87.2811964469231,94.2307692307692,50.5262196992308,74.7326454033771,7203128,1.8789383553691,55.2239230769231,0.116407557133787,0.00100414069786614,2.36460581583739,0.0233862913256651,7999,58.5714285714286,0.736224317464466,0.0059666331322481,353907,0.0260057887983594,5.15032495593787,0.729966629057474,0.834455472690502,2283.42857142857,0.232611375575253,3479,0.000509346730801667,0.0506290650416857,38.2857142857143,0.00390014068156705,0.334030136369189
"Sierra Leone","SLE","Africa","Sub-Saharan Africa","Low income","Electoral Democracy","Low income","Electoral Democracy",2018,12,1.273545484,2.490200031,2.23199058,9,104.3260051,9.240564038,121.7611209,39.22853131,16.03278985,12.32876712,56.69583064,15.8,16.9852834691667,0.903951577833333,3.18426051591667,2.94000021383333,2.86875124983333,9,21.3143008591667,104.757820249167,3507833608.08333,510.929712008333,9.80596923433333,123.773708525,44.8400614758333,9.15726198675,12.6837333475,80.6047999058333,66.154362335,59.5833333333333,5.16180584133333,50.9851666666667,6800657.83333333,10.9133483867351,39.8495,0.00179331591851615,8.59809002028289e-05,0.0120618919998826,0.00047903644398719,103.666666666667,2,0.00382000856615426,0.000171961800405658,3937,3.68489572297838e-05,0.0483581148712196,NA,0.0011423176741233,2.14285714285714,0.000184244786148919,79,0,0.000970355873717641,0,0,-4.09475154587379
"Singapore","SGP","Asia","Eastern and South-Eastern Asia","High income","Electoral Autocracy","High income","Electoral Autocracy",2018,18,0.47566684,0,0,6,44.53422527,10.00006113,69.52113675,148.2809428,0.438620118,23,325.3422881,88.16563603,100,0.630430856888889,0,0,0.0716322205555556,6,196.98282625,49.1260680994444,223495508019.056,43825.0312072222,10.1098553403333,74.9286039311111,171.503835994444,1.63801927033333,20.9976621838889,0.566277772166667,368.486662238889,72.9166666666667,69.0234883327778,81.1078590785908,4917394.66666667,0.000436135113371313,100,0.0261478656300425,3.66730233240428e-05,0.343167815754731,0.000220038139944257,839,0.6,0.107690332991052,7.33460466480857e-05,58542,0.000238374651606278,1.07345606571806,0.00207202581780842,0.00698621094323016,11.5714285714286,0.00148525744462373,29,0,0.000531758838198621,0,0,3.04885150470475
"Slovenia","SVN","Europe","Europe and Northern America","High income","Liberal Democracy","High income","Liberal Democracy",2018,18,0.948200721,0.009845958,0,9,70.33101029,18.24206712,91.51104692,76.30665802,1.73860862,24.44444444,161.1022713,79.7499766,100,1.00856954544444,0.0215572745555556,0,0.0993348349444445,9,67.0408905816667,73.1787886572222,42947167822,21063.2660988889,19.044895125,97.4123333105556,64.4532234311111,2.822685328,21.9135802455556,17.723211075,131.494114011111,87.7083333333333,59.3015403016667,79.0613143631436,2034175.38888889,0.245377744456942,52.5608888888889,0.125654067425049,0.00317502620599281,2.23136993240562,0.0607103495751959,2176,55,0.534799489879123,0.0178956022519595,114184,0.0175588570482936,5.49298776219823,0.897955138803968,2.23136993240562,1357.14285714286,0.457011347832299,2532,0.00120266144166394,0.121805550811724,30.4285714285714,0.0102466754829768,0.708393194308385
"South Africa","ZAF","Africa","Sub-Saharan Africa","Upper-middle income","Electoral Democracy","Upper-middle income","Liberal Democracy",2018,18,5.115333963,1.69361725,0.075916785,9,81.21360332,21.28224241,99.15400381,29.56325111,4.504577493,42.7480916,59.47033371,62.4,82.0111111111111,4.71572137638889,2.68522837811111,0.125300278444444,0.7374244765,9,29.7469535766667,80.2104983816667,293890722222.222,5670.76078838889,19.6984958072222,99.5783890583333,29.576175315,5.36083036944444,37.7548451472222,11.3663722142222,59.3231288922222,81.5625,27.1687399851667,57.9441111111111,51231127.2777778,5.10412416901373,61.9161111111111,0.0368292219998815,0.00140568278243115,0.664529873390618,0.0255321292116938,18139.8571428571,580.857142857143,0.211483642216025,0.00677192676938988,1501930,0.0018470405280997,2.5014658073659,0.0899403810626149,0.0999200626175053,1992.85714285714,0.0232337379323632,48366,0.000326438181702021,0.0805536178377548,190.428571428571,0.00222011273575915,-2.18406763928055
"Spain","ESP","Europe","Europe and Northern America","High income","Liberal Democracy","High income","Liberal Democracy",2018,18,0.656678583,0.016887184,0,10,76.81178435,18.65814235,97.27861782,32.42573538,1.675067615,39.14285714,67.57285294,86.10723553,100,0.673633547277778,0.0101306016666667,0,0.0534793503333333,10,28.9743159066667,76.9562665405556,1244847388888.89,27397.02434,18.6438184672222,100.575192030556,29.54950794,2.10112670822222,35.8412698411111,12.5497723953333,58.5238238477778,96.4583333333333,59.9068982255556,81.5920054200542,45138849.9444444,0.0527520791166898,78.3181111111111,0.0487023151954539,0.00213069954909392,1.64728104446892,0.035650710828966,20192.8571428571,826.285714285714,0.302383916932154,0.0123734600320876,2010131,0.0298340722004656,4.30018595915633,0.650868813064081,1.64728104446892,18888.5714285714,0.282852504398793,51191,0.000252432275896669,0.109510683351071,119.714285714286,0.00179269701018143,2.78243228828746
"Sri Lanka","LKA","Asia","Central and Southern Asia","Lower-middle income","Electoral Democracy","Lower-middle income","Electoral Democracy",2018,11,1.157830135,0.02906457,0.029001702,11,77.5789242,9.171250688,107.4304439,30.46896651,2.135037737,5.777777778,53.50748915,26,86.7438125609091,1.09903274027273,0.0679238329090909,0.0675158576363636,0.317798244363636,9.54545454545454,27.6930883709091,80.3524257772727,50804935041.5455,2446.84106752727,11.3424403476364,108.180813418182,35.8038217181818,7.42627368781818,5.21212121218182,57.21159987,63.49691009,64.7159090909091,8.83316143972727,75.2965454545455,20256515.8181818,0.141748291769433,18.3190909090909,0.00412609840507457,4.18657109872279e-05,0.0970261110857333,0.000520995514507725,787.142857142857,4.5,0.025631118615514,0.000134900624292179,60694,0.0035911476535711,0.282333051406534,0.0364603825242102,0.0970261110857333,787.142857142857,0.025631118615514,290,9.30349133049509e-06,0.00134900624292179,3,9.76866589701984e-05,1.80632319960252
"Sweden","SWE","Europe","Europe and Northern America","High income","Liberal Democracy","High income","Liberal Democracy",2018,18,0.291575163,0.119374678,0,9,71.75667822,26.05938812,97.76507537,43.44813688,1.953535301,46.13180516,89.1311984,89.24696316,100,0.292791539777778,0.0917488843333333,0.00166224427777778,0.0180000458333333,9,44.2491570983333,71.7667663461111,466552055555.556,49378.9914416667,25.4109921933333,95.1687371322222,39.4178942294444,1.29450012477778,45.11302133,44.9073999183333,83.6670513283333,96.1805555555556,85.9290896327778,81.3071815718157,9397076.88888889,0.42477678407287,85.3211666666667,0.111966751701425,0.00119092624436291,1.90666307485936,0.0257082590931894,8729,98.5,0.466498604992304,0.0066042273551034,459906,0.0249011851094063,4.52656301933858,1.76605503909929,1.18292440108467,4944.14285714286,0.340634432984759,10086,0.00081691634943902,0.0992701000053247,92.1428571428571,0.00634832584805021,2.05895632308463
"Switzerland","CHE","Europe","Europe and Northern America","High income","Liberal Democracy","High income","Liberal Democracy",2018,18,0.188400889,0,0,11,62.88687097,11.07717087,87.47071424,53.6503195,0.936335464,32.5,119.8299248,91.8,100,0.203134187611111,2.39946666666667e-05,0,0.0594019233888889,11,60.0512874555556,64.8650168405556,564179500000,71381.2132122222,11.1586780422222,90.5931747505556,50.6444621911111,0.437244055222222,28.3055555555556,20.7228609727778,110.695749646667,83.6805555555556,78.8351621772222,82.1185636856369,7818942.83333333,0.0146532439681533,73.5877777777778,0.12067015363673,0.00139980590887906,1.78807994130912,0.0327462792126298,9236,105,0.566347702149758,0.00766451104205912,411573,0.0306924656250122,4.72231407651706,1.07011719588127,1.42508273197136,4138.85714285714,0.332419481902001,6807,0.00076874586799096,0.0781022854240964,95.1428571428571,0.00764156340420864,1.63254251519679
"Thailand","THA","Asia","Eastern and South-Eastern Asia","Upper-middle income","Closed Autocracy","Lower-middle income","Electoral Democracy",2018,18,2.472840879,2.05120795,0.354973601,9,65.07679135,16.17402843,90.2487399,56.01963625,1.063897542,5.284552846,120.8761047,56.81748093,96.7866363477778,2.56856137966667,2.14311938233333,0.430575920944444,0.451041104277778,9,66.7383714238889,68.1986826722222,307870555555.556,4561.73491127778,15.1180082205556,93.213924875,60.8179581716667,2.11657975883333,10.0839754969444,21.9484446855556,127.556329588889,70.625,25.3595030191111,73.9256111111111,66856600.5555556,2.42809144403206,42.2020555555556,0.00137096272919881,5.71830126881671e-06,0.0170090871240953,6.29013139569839e-05,853.666666666667,2.42857142857143,0.00489772503674152,2.4302780392471e-05,25809,6.4330889274188e-05,0.0368959093617226,0.00110649129551603,0.0102486254490368,62.3333333333333,0.000267330584317181,83,0,0.000118654751327947,0,0,0.929475951383329
"Togo","TGO","Africa","Sub-Saharan Africa","Low income","Electoral Autocracy","Low income","Electoral Autocracy",2018,18,2.388709328,5.401489335,3.756647674,10,90.69208624,14.93827661,108.8019989,32.74545893,0.928170504,17.58241758,56.68893419,15.5,34.7211869661111,1.81379482488889,9.37019388205556,6.36331031977778,3.13472312888889,10,34.7307565205556,91.9930764822222,3630867962.38889,546.911150005556,13.7907073711111,113.092011883333,49.980243185,2.34602478522222,11.6371968210556,76.0201615227778,84.7109997061111,68.75,4.58834583166667,57.1124444444444,6388443,11.4107442805766,37.394,0.00180461940105036,3.53846941382423e-05,0.0394893186582784,0.00029487245115202,105.5,1.5,0.00651078372143659,8.25642863225655e-05,7598,0.000330257145290262,0.0896176353541218,0.0137528511217302,0.0394893186582784,76.2857142857143,0.00629847555660714,92,0,0.00108513062023943,0.714285714285714,5.89744902304039e-05,-3.29925101031766
"Tunisia","TUN","Africa","Northern Africa and Western Asia","Lower-middle income","Electoral Democracy","Lower-middle income","Electoral Autocracy",2018,17,3.213597824,1.685158387,0.177558721,9,92.41379756,19.95136626,113.905036,61.47224696,7.30759176,31.33640553,109.9647302,64.19081023,99.4058823529412,2.03862096282353,3.68160017105882,0.161764375941176,0.409520965529412,9,45.6517344082353,83.7020407488235,39352678250.4118,3679.93438341176,17.9668219411765,106.459601964706,52.0846591141176,3.94715707988235,25.2258872470588,13.5044352023529,97.7363935247059,59.2647058823529,32.0415647355294,75.0612352941177,10653790.7647059,4.74685505830084,66.6379411764706,0.0498669377176023,0.00123159271580772,0.604678510734629,0.0174098616561118,2955,82,0.1733026892958,0.00438178905011862,248274,0.00528663267805898,2.08008469336358,0.282076622828669,0.179812536507927,640.857142857143,0.0375845232864859,8313,0.00017594181654396,0.0696478248061875,29.5714285714286,0.00173428362021903,-0.116087284827233
"Turkey","TUR","Asia","Northern Africa and Western Asia","Upper-middle income","Electoral Autocracy","Upper-middle income","Electoral Autocracy",2018,9,2.017701681,0.16102939,0,12,70.85508439,14.68642097,100.1376809,31.34254384,16.3324639,17.44966443,62.54740679,71.04276084,100,1.38877479377778,0.170497404666667,0,0.214181442222222,11.1111111111111,24.7118147844444,74.6028259811111,862714555555.556,11186.164748,14.2493846944444,103.559631422222,28.2714462,9.24447996022222,14.238112946,12.7853222966667,52.9832609855556,81.1111111111111,52.5695335666667,76.0855555555556,77265536.6666667,0.386862821416321,73.0378888888889,0.0390368437816958,0.000304552760390964,0.913662984690427,0.00838989940304837,32096.1428571429,255.142857142857,0.264188348785016,0.00210012057937553,2564427,0.00892492452265412,3.01545684042903,0.0989431948661671,0.263543966882721,7919.85714285714,0.065189577155655,27187,0.000110532662072396,0.0319686328059812,102.857142857143,0.000846633156299205,1.55554971673992
"Ukraine","UKR","Europe","Europe and Northern America","Lower-middle income","Electoral Autocracy","Lower-middle income","Electoral Autocracy",2018,9,5.870494426,0.590345906,0,11,90.13356191,20.77003401,108.7203659,53.91968086,10.95185594,12.29314421,99.11899581,62.55315539,99.9777777777778,9.18344386911111,0.978857199444444,0,0.274921523111111,10.8888888888889,50.4024768966667,81.7141721266667,95159794985.4444,2157.10898365556,18.6838142733333,103.718516036667,53.2532652322222,15.4555492955556,9.66935117622222,3.58908887711111,103.655742127778,73.125,31.554509844,69.9634959349594,46146760.7777778,3.54565996193881,68.4594444444444,0.03748606235809,0.000655672503501636,0.79404010718796,0.0142775563394076,14108.1666666667,226,0.207788367872857,0.00357053938748961,1311844,0.00962113126190822,3.01803522696,NA,0.2953839137354,5528.57142857143,0.0890334241596959,25309,0.000351992607142984,0.0582260189162207,106.285714285714,0.00171165032493059,-1.9017509514473
"United States","USA","North America","Europe and Northern America","High income","Liberal Democracy","High income","Liberal Democracy",2018,18,0.936681409,0.375612104,0,12,81.91677139,14.02730694,102.9568415,15.22503965,2.442583297,23.50230415,27.49323808,88.49890317,100,0.991517663722222,0.450962790555556,0,0.0977029050555556,12,11.5707513124444,82.7501700583333,15213161111111.1,49244.7330405556,15.1548985938889,103.804258288889,15.3749805033333,2.1233685235,17.1760937444444,7.46743883027778,26.9457318161111,84.1666666666667,71.5340406722222,78.10027100271,307028123.888889,0.869994788063446,80.7103888888889,0.0741645600583409,0.000996950952121801,1.9792951760424,0.0258903866876271,220588,2797,0.463816787100484,0.00576423283254516,16782394,0.0693155756593947,5.04104359059452,1.90501286823678,1.9792951760424,220588,0.463816787100484,317336,0.000801705963004847,0.095320405948335,2741.42857142857,0.00576423283254516,1.98392339012822
"Zimbabwe","ZWE","Africa","Sub-Saharan Africa","Low income","Electoral Autocracy","Low income","Electoral Autocracy",2018,9,2.003068117,2.085151743,0,7,62.72123849,15.65253695,68.43228418,18.94328155,10.61886587,31.48148148,30.55227255,25,38.45904524,2.135380188,1.77633310988889,0,1.43606186011111,7,22.3794213533333,99.5738984355555,17877301551.2222,1312.14822388889,18.3079070166667,110.623580608889,38.1612856888889,2.13216468666667,26.09366423,80.9510447177778,60.5407070422222,86.875,17.1030607888889,57.3011111111111,13573853.2222222,5.54561008500423,32.5922222222222,0.00904442442376249,0.000463816637116025,0.129345208187742,0.00565856297281551,956.142857142857,40.1428571428571,0.0443474964602508,0.0018618925004229,35423,0.000715602811550439,0.234711096236585,0.0158360251815329,0.0178966962407198,84.8571428571429,0.00393581546352741,1418,2.65038078352014e-05,0.00939559987757891,5.42857142857143,0.000251786174434414,-2.38885784802739
"Comoros",NA,NA,NA,NA,NA,"Low income","Electoral Democracy",NA,10,NA,NA,NA,NA,NA,NA,NA,NA,NA,NA,NA,NA,60.637749939,0.4458503552,1.4661667658,1.4661667658,2.3545097518,6,9.0606691996,101.797651908,866578911.45,1289.6223357,10.7439244339,119.29346292,28.354152968,2.8609269499,2.727272727,51.579430389,37.414822167,45,3.7602623486,61.3359,666903.4,1.57809911609625,27.9674,0.0255499428221544,0.00135065777033415,0.214191811412158,0.00934204957814456,95,4.42857142857143,0.074848951439351,0.00348919924002989,3820,0.000112554814194513,0.429959390223039,0.00540263108133661,0.0155325643588428,2.14285714285714,0.00168832221291769,146,0,0.0164330028723989,0,0,-1.62224406659398
"Equatorial Guinea",NA,NA,NA,NA,NA,"High income","Electoral Autocracy",NA,4,NA,NA,NA,NA,NA,NA,NA,NA,NA,NA,NA,NA,65.8468536375,1.702242203,45.32024869,0,1.05023425725,6,70.154227435,37.2191684325,21864993795.75,20784.415855,13.66029235,70.2728583025,40.42708574,3.930221328,14.03030303,4.444225073,110.581313175,49.0625,15.1757955475,56.469,1054184.25,36.2843200590382,69.02875,0.120698728387168,0.00220706246193679,0.19449737945818,0.00351750579871176,583.333333333333,10.6666666666667,0.120698728387168,0.00220706246193679,6562,0,0.452585746100914,0.036278589218086,0.0626943680593921,30,0.0144838474064602,98,0,0.00675912878968143,0.285714285714286,0.00013794140387105,-2.55265299613377
"Guyana",NA,NA,NA,NA,NA,"Lower-middle income","Electoral Democracy",NA,1,NA,NA,NA,NA,NA,NA,NA,NA,NA,NA,NA,NA,75.09686279,4.682766967,1.40335687,0,0.875905898,6,92.87428334,92.25808935,712167575.6,955.6653806,25.08069478,113.828434,106.7027174,2.627413142,18.46153846,30.40550041,199.5770007,86.875,13.2069865,65.532,745206,12.9135305068596,28.606,0.0168284347404688,0.000506118338059213,0.200928980209508,0.00556730171865135,68.4285714285714,2,0.0606076709825908,0.00177141418320725,8092,0.00645300881025497,1.02387739789379,0.0994522534286354,0.119443927781974,50.7142857142857,0.0449180025027552,182,0.000126529584514803,0.0230283843816942,1,0.000885707091603623,-0.370070053091343
"Suriname",NA,NA,NA,NA,NA,"Upper-middle income","Electoral Democracy",NA,5,NA,NA,NA,NA,NA,NA,NA,NA,NA,NA,NA,NA,93.244343954,1.540718709,10.1363211768,0,0.2757323012,6,52.090660876,49.92823314,3467953875.2,6687.7453828,12.039114702,93.337608412,45.428156724,7.8364343968,22.3529411778,24.287739564,97.5188176,64.75,21.5239253884,69.878,517166.8,15.4661427197003,66.4794,0.0234877441289089,0.00152078918820273,0.402840158297257,0.00760394594101366,93.8571428571429,2.71428571428571,0.111017610738799,0.00321055495287243,8868,0.00202771891760364,1.49848428010909,0.0611695206810432,0.0829674990452823,9,0.0106455243174191,168,0,0.028388064846451,0.285714285714286,0.00033795315293394,-0.951121549111002
"Uruguay",NA,NA,NA,NA,NA,"Upper-middle income","Liberal Democracy",NA,15,NA,NA,NA,NA,NA,NA,NA,NA,NA,NA,NA,NA,98.796256972,0.640008301933333,0.431781166066667,0.369007379666667,0.0893276053333333,11.6666666666667,26.1415814233333,81.4625540226667,32678007894,9708.2738402,12.4284367406667,100.542012970667,26.6835943953333,8.6685385804,12.6599326586667,46.5052335093333,52.8251758186667,76.2916666666667,37.0739032893333,76.3066,3351638.53333333,1.14710612226618,93.8822666666667,0.0434414338312934,0.000487783603125488,0.649010430535024,0.00731675404688232,883.142857142857,10,0.177381072618927,0.00195113441250195,56542,0.0243031006968993,1.62236826399537,0.198814858003324,0.466435897200466,766.333333333333,0.065965559034441,601,0.000172158918750172,0.0172445850281422,4.33333333333333,0.000373010990625373,2.93511333996948
